model,split,n_images,obj_tp,obj_fp,obj_fn,obj_ignored,pred_count,gt_count,obj_precision,obj_recall,obj_f1,pix_tp,pix_fp,pix_fn,pix_tn,pix_precision,pix_recall,pix_f1,pix_iou,pix_dice,count_mae,count_trimmed_mae,count_mdape,count_rmse,count_bias,count_pearson_r,count_spearman_rho
ecCount (peaks),train,800,115505,46771,46732,24,162300,162237,0.7117811629569376,0.7119522673619458,0.7118667048777707,681013,1428887,1432006,4007261294,0.32277027347267645,0.3222938364491753,0.32253187901543934,0.19227303039662827,0.32253187901543934,13.05625,10.207894736842105,5.16352648418059,21.544459844702537,0.07875,0.9912657768918826,0.9865902303753895
ecCount (peaks),val,170,22870,9315,9304,4,32189,32174,0.7105794624825229,0.7108224031826941,0.7107009120713498,134631,283826,284281,851592942,0.3217319820196579,0.3213825338018486,0.3215571629711632,0.19158064598755156,0.32155716297116327,13.170588235294117,9.987577639751553,5.434782608695652,21.7805903879362,0.08823529411764706,0.9893157078667225,0.9821796399699042
ecCount (peaks),test,175,23333,10616,10295,8,33957,33628,0.6872956493563875,0.6938563102176758,0.6905603977684716,136318,305123,301730,876620029,0.3088023088023088,0.31119420702754036,0.3099936440364803,0.1834275018804555,0.3099936440364803,13.308571428571428,10.626506024096386,5.555555555555555,20.821005876620987,1.88,0.9892256481118873,0.9816370881726211
ecCount (threshold mask),train,800,120962,31579,41275,0,152541,162237,0.7929802479333425,0.7455882443585619,0.7685543462376659,1528382,6135010,584637,4002555171,0.19943936053382105,0.7233167330724428,0.31266729682293426,0.18530269474076777,0.3126672968229343,18.295,14.614010989010989,7.142857142857143,31.102773188254453,-12.12,0.9873773996502695,0.9845334424394697
ecCount (threshold mask),val,170,23870,6493,8304,0,30363,32174,0.7861542008365445,0.7419034002610804,0.7633880742600381,298910,1202030,120002,850674738,0.19914853358561968,0.7135388816744328,0.31138858620351983,0.18440511751808517,0.31138858620351983,17.523529411764706,13.478260869565217,6.85179917508178,28.085688212200555,-10.652941176470588,0.9866461841097425,0.980339698088638
ecCount (threshold mask),test,175,24654,7381,8974,0,32035,33628,0.7695957546433588,0.7331390507910075,0.75092517856327,310974,1311606,127074,875613546,0.19165403246681212,0.7099085031777339,0.30182449233922864,0.17773456923483158,0.30182449233922864,17.617142857142856,14.70440251572327,7.291666666666667,27.74094446842068,-9.102857142857143,0.9849167814113524,0.9789697547830394
MIA,train,800,68774,59936,93463,6,128716,162237,0.5343329966591562,0.42391069854595437,0.4727596435089552,803691,5011956,1309328,4003678225,0.13819459812467985,0.3803519987278865,0.20273044671070772,0.11279913262853554,0.2027304467107077,48.74625,38.49375866851595,18.805253851982826,89.01959756143587,-41.90125,0.8745719687338576,0.8632062483318925
MIA,val,170,14318,11121,17856,1,25440,32174,0.5628365894885805,0.4450177161683347,0.4970405984760384,166393,982286,252519,850894482,0.14485596062955794,0.39720275380032083,0.21229134385180828,0.11875052633532163,0.21229134385180828,45.258823529411764,35.90909090909091,16.4004914004914,75.9883117947212,-39.61176470588235,0.8999510410247826,0.8108457353228542
MIA,test,175,15584,11789,18044,0,27373,33628,0.5693201329777517,0.46342333769477817,0.5109424435664989,184000,1072289,254048,875852863,0.1464631147769343,0.42004529184016365,0.2171941001111349,0.12182711540536979,0.2171941001111349,40.394285714285715,31.0920245398773,19.41747572815534,69.28710455158924,-35.74285714285714,0.9062608584408975,0.8937241996648649
Label Engine,train,800,80655,58419,81582,6,139080,162237,0.5799430519004272,0.4971430684738993,0.5353604747254498,825382,3762819,1287637,4004927362,0.17989229329752554,0.39061740571192216,0.24633783102181395,0.14047051671608374,0.24633783102181395,36.39125,27.320905459387482,13.083012409071458,71.75227348314478,-28.94625,0.9141624978284631,0.918463531810159
Label Engine,val,170,16202,10896,15972,1,27099,32174,0.5979039043471843,0.5035743146640144,0.5466999595087056,164789,716956,254123,851159812,0.18688963362423378,0.39337378733481015,0.25339347729647405,0.14507759704472703,0.253393477296474,36.029411764705884,28.18831168831169,14.017543859649123,61.575252859455496,-29.852941176470587,0.9321285042583929,0.8587348154257921
Label Engine,test,175,16832,12093,16796,1,28926,33628,0.5819187554019015,0.5005352682288569,0.5381676338464981,172219,781884,265829,876143268,0.1805035724654466,0.39315097888815836,0.24741425319523525,0.14117098330070857,0.2474142531952353,34.36571428571428,27.49375,13.114754098360656,57.61507739174827,-26.86857142857143,0.9319411498194701,0.925825781542255
Classic (after opt),train,800,67991,73659,94246,75,141725,162237,0.47999294034592305,0.419084425870794,0.4474755418955072,1319942,17267810,793077,3991422371,0.07101138427067458,0.6246711458817928,0.12752587814241315,0.06810554904539945,0.12752587814241315,46.405,38.535714285714285,19.952606635071092,72.91726475945185,-25.64,0.9131901135206673,0.9097613092037248
Classic (after opt),val,170,13732,14171,18442,14,27917,32174,0.49213346235171845,0.42680425188040033,0.4571466617840438,257503,3296741,161409,848580027,0.07244944353848526,0.6146947330226873,0.12962138914253554,0.0693022195560242,0.12962138914253554,42.05294117647059,35.75657894736842,18.095980595980595,64.76514131391798,-25.041176470588237,0.9192303861111809,0.9187763165667026
Classic (after opt),test,175,14223,16353,19405,15,30591,33628,0.4651687598116169,0.42295111216843106,0.44305650738271757,276234,4018494,161814,872906658,0.06431932359860741,0.6306021257944335,0.11673233637087412,0.06198393283402243,0.11673233637087409,40.94285714285714,34.924528301886795,18.705035971223023,61.24083604915923,-17.354285714285716,0.9105605038400384,0.9080908388132055
ecSeg,train,800,31549,32758,130688,3,64310,162237,0.49059977918422565,0.19446242225879423,0.27852426018786636,368488,2725532,1744531,4005964649,0.11909683841733408,0.17438934529220987,0.1415345650378267,0.07615668409819386,0.1415345650378267,125.44625,109.99030470914127,72.52450980392157,179.95467832207086,-122.40875,0.5819474246663078,0.5119275303017045
ecSeg,val,170,6766,6487,25408,0,13253,32174,0.510525918659926,0.21029402623236154,0.2978845180179189,76022,535941,342890,851340827,0.12422646467188375,0.18147486823008174,0.14749023887474233,0.07961644357822617,0.14749023887474233,114.39411764705882,102.24342105263158,68.08335899804948,158.09392219593425,-111.3,0.6576129546384437,0.4894167015429514
ecSeg,test,175,8179,6651,25449,0,14830,33628,0.5515171948752529,0.24321993576781253,0.33757067976391925,95836,629596,342212,876295556,0.13210886754375323,0.21877967711301044,0.16474026197270258,0.08976400373158094,0.16474026197270258,110.27428571428571,99.0253164556962,74.45652173913044,149.94433252758458,-107.41714285714286,0.6785304702476653,0.615432089871067
