unique_id,cell_line,split,ecDNA_gt,density_bin
colo320dm_qpcr_jq1_24h_ctrl_100,COLO320DM,train,63,50-149
colo320dm_qpcr_jq1_24h_ctrl_101,COLO320DM,train,45,10-49
colo320dm_qpcr_jq1_24h_ctrl_103,COLO320DM,train,39,10-49
colo320dm_qpcr_jq1_24h_ctrl_110,COLO320DM,train,27,10-49
colo320dm_qpcr_jq1_24h_ctrl_111,COLO320DM,train,80,50-149
colo320dm_qpcr_jq1_24h_ctrl_112,COLO320DM,train,83,50-149
colo320dm_qpcr_jq1_24h_ctrl_12,COLO320DM,train,16,10-49
colo320dm_qpcr_jq1_24h_ctrl_18,COLO320DM,train,51,50-149
colo320dm_qpcr_jq1_24h_ctrl_22,COLO320DM,train,65,50-149
colo320dm_qpcr_jq1_24h_ctrl_25,COLO320DM,train,53,50-149
colo320dm_qpcr_jq1_24h_ctrl_26,COLO320DM,train,22,10-49
colo320dm_qpcr_jq1_24h_ctrl_28,COLO320DM,train,35,10-49
colo320dm_qpcr_jq1_24h_ctrl_3,COLO320DM,train,144,50-149
colo320dm_qpcr_jq1_24h_ctrl_36,COLO320DM,train,59,50-149
colo320dm_qpcr_jq1_24h_ctrl_37,COLO320DM,train,12,10-49
colo320dm_qpcr_jq1_24h_ctrl_38,COLO320DM,train,41,10-49
colo320dm_qpcr_jq1_24h_ctrl_4,COLO320DM,train,46,10-49
colo320dm_qpcr_jq1_24h_ctrl_41,COLO320DM,train,101,50-149
colo320dm_qpcr_jq1_24h_ctrl_43,COLO320DM,train,44,10-49
colo320dm_qpcr_jq1_24h_ctrl_49,COLO320DM,train,74,50-149
colo320dm_qpcr_jq1_24h_ctrl_50,COLO320DM,train,7,0-9
colo320dm_qpcr_jq1_24h_ctrl_55,COLO320DM,train,34,10-49
colo320dm_qpcr_jq1_24h_ctrl_58,COLO320DM,train,15,10-49
colo320dm_qpcr_jq1_24h_ctrl_65,COLO320DM,train,30,10-49
colo320dm_qpcr_jq1_24h_ctrl_66_a,COLO320DM,train,61,50-149
colo320dm_qpcr_jq1_24h_ctrl_72,COLO320DM,train,37,10-49
colo320dm_qpcr_jq1_24h_ctrl_75,COLO320DM,train,47,10-49
colo320dm_qpcr_jq1_24h_ctrl_78_a,COLO320DM,train,26,10-49
colo320dm_qpcr_jq1_24h_ctrl_78_b,COLO320DM,train,52,50-149
colo320dm_qpcr_jq1_24h_ctrl_79,COLO320DM,train,10,10-49
colo320dm_qpcr_jq1_24h_ctrl_8,COLO320DM,train,36,10-49
colo320dm_qpcr_jq1_24h_ctrl_81,COLO320DM,train,59,50-149
colo320dm_qpcr_jq1_24h_ctrl_82,COLO320DM,train,30,10-49
colo320dm_qpcr_jq1_24h_ctrl_87_b,COLO320DM,train,45,10-49
colo320dm_qpcr_jq1_24h_ctrl_88,COLO320DM,train,53,50-149
colo320dm_qpcr_jq1_24h_ctrl_89,COLO320DM,train,15,10-49
colo320dm_qpcr_jq1_24h_ctrl_9,COLO320DM,train,23,10-49
colo320dm_qpcr_jq1_24h_ctrl_90,COLO320DM,train,89,50-149
colo320dm_qpcr_jq1_24h_ctrl_92,COLO320DM,train,55,50-149
colo320dm_qpcr_jq1_24h_ctrl_95,COLO320DM,train,32,10-49
colo320dm_qpcr_jq1_24h_ctrl_97,COLO320DM,train,87,50-149
colo320dm_qpcr_jq1_24h_dmso_104,COLO320DM,train,4,0-9
colo320dm_qpcr_jq1_24h_dmso_49,COLO320DM,train,1,0-9
colo320dm_qpcr_jq1_24h_dmso_6,COLO320DM,train,4,0-9
ncih2170_antibiotics_blank_ctrl_1,NCI-H2170,train,235,150-299
ncih2170_antibiotics_blank_ctrl_102,NCI-H2170,train,402,300+
ncih2170_antibiotics_blank_ctrl_106,NCI-H2170,train,101,50-149
ncih2170_antibiotics_blank_ctrl_111,NCI-H2170,train,108,50-149
ncih2170_antibiotics_blank_ctrl_114,NCI-H2170,train,154,150-299
ncih2170_antibiotics_blank_ctrl_116,NCI-H2170,train,282,150-299
ncih2170_antibiotics_blank_ctrl_117,NCI-H2170,train,307,300+
ncih2170_antibiotics_blank_ctrl_118,NCI-H2170,train,453,300+
ncih2170_antibiotics_blank_ctrl_12,NCI-H2170,train,122,50-149
ncih2170_antibiotics_blank_ctrl_13,NCI-H2170,train,86,50-149
ncih2170_antibiotics_blank_ctrl_14,NCI-H2170,train,329,300+
ncih2170_antibiotics_blank_ctrl_15,NCI-H2170,train,210,150-299
ncih2170_antibiotics_blank_ctrl_16,NCI-H2170,train,91,50-149
ncih2170_antibiotics_blank_ctrl_17,NCI-H2170,train,604,300+
ncih2170_antibiotics_blank_ctrl_19,NCI-H2170,train,92,50-149
ncih2170_antibiotics_blank_ctrl_2,NCI-H2170,train,373,300+
ncih2170_antibiotics_blank_ctrl_20,NCI-H2170,train,128,50-149
ncih2170_antibiotics_blank_ctrl_21,NCI-H2170,train,224,150-299
ncih2170_antibiotics_blank_ctrl_22,NCI-H2170,train,375,300+
ncih2170_antibiotics_blank_ctrl_24,NCI-H2170,train,153,150-299
ncih2170_antibiotics_blank_ctrl_25,NCI-H2170,train,42,10-49
ncih2170_antibiotics_blank_ctrl_27,NCI-H2170,train,318,300+
ncih2170_antibiotics_blank_ctrl_28,NCI-H2170,train,256,150-299
ncih2170_antibiotics_blank_ctrl_29,NCI-H2170,train,104,50-149
ncih2170_antibiotics_blank_ctrl_30,NCI-H2170,train,339,300+
ncih2170_antibiotics_blank_ctrl_31,NCI-H2170,train,88,50-149
ncih2170_antibiotics_blank_ctrl_32,NCI-H2170,train,138,50-149
ncih2170_antibiotics_blank_ctrl_33,NCI-H2170,train,207,150-299
ncih2170_antibiotics_blank_ctrl_38,NCI-H2170,train,402,300+
ncih2170_antibiotics_blank_ctrl_39,NCI-H2170,train,391,300+
ncih2170_antibiotics_blank_ctrl_41,NCI-H2170,train,76,50-149
ncih2170_antibiotics_blank_ctrl_42,NCI-H2170,train,153,150-299
ncih2170_antibiotics_blank_ctrl_44,NCI-H2170,train,181,150-299
ncih2170_antibiotics_blank_ctrl_48,NCI-H2170,train,71,50-149
ncih2170_antibiotics_blank_ctrl_5,NCI-H2170,train,597,300+
ncih2170_antibiotics_blank_ctrl_50,NCI-H2170,train,197,150-299
ncih2170_antibiotics_blank_ctrl_55,NCI-H2170,train,254,150-299
ncih2170_antibiotics_blank_ctrl_56,NCI-H2170,train,240,150-299
ncih2170_antibiotics_blank_ctrl_57,NCI-H2170,train,214,150-299
ncih2170_antibiotics_blank_ctrl_58,NCI-H2170,train,181,150-299
ncih2170_antibiotics_blank_ctrl_59,NCI-H2170,train,207,150-299
ncih2170_antibiotics_blank_ctrl_60,NCI-H2170,train,314,300+
ncih2170_antibiotics_blank_ctrl_61,NCI-H2170,train,259,150-299
ncih2170_antibiotics_blank_ctrl_62,NCI-H2170,train,299,150-299
ncih2170_antibiotics_blank_ctrl_64,NCI-H2170,train,124,50-149
ncih2170_antibiotics_blank_ctrl_65,NCI-H2170,train,139,50-149
ncih2170_antibiotics_blank_ctrl_66,NCI-H2170,train,329,300+
ncih2170_antibiotics_blank_ctrl_67,NCI-H2170,train,250,150-299
ncih2170_antibiotics_blank_ctrl_69,NCI-H2170,train,335,300+
ncih2170_antibiotics_blank_ctrl_7,NCI-H2170,train,328,300+
ncih2170_antibiotics_blank_ctrl_74,NCI-H2170,train,375,300+
ncih2170_antibiotics_blank_ctrl_75,NCI-H2170,train,133,50-149
ncih2170_antibiotics_blank_ctrl_76,NCI-H2170,train,456,300+
ncih2170_antibiotics_blank_ctrl_77,NCI-H2170,train,261,150-299
ncih2170_antibiotics_blank_ctrl_79,NCI-H2170,train,337,300+
ncih2170_antibiotics_blank_ctrl_80,NCI-H2170,train,146,50-149
ncih2170_antibiotics_blank_ctrl_81,NCI-H2170,train,93,50-149
ncih2170_antibiotics_blank_ctrl_82,NCI-H2170,train,99,50-149
ncih2170_antibiotics_blank_ctrl_86,NCI-H2170,train,287,150-299
ncih2170_antibiotics_blank_ctrl_87,NCI-H2170,train,90,50-149
ncih2170_antibiotics_blank_ctrl_9,NCI-H2170,train,769,300+
ncih2170_antibiotics_blank_ctrl_96,NCI-H2170,train,106,50-149
ncih2170_antibiotics_blank_ctrl_97,NCI-H2170,train,146,50-149
ncih2170_antibiotics_blank_ctrl_98,NCI-H2170,train,219,150-299
ncih2170_antibiotics_ps_10,NCI-H2170,train,160,150-299
ncih2170_antibiotics_ps_106,NCI-H2170,train,122,50-149
ncih2170_antibiotics_ps_107_b,NCI-H2170,train,205,150-299
ncih2170_antibiotics_ps_111,NCI-H2170,train,186,150-299
ncih2170_antibiotics_ps_113_b,NCI-H2170,train,142,50-149
ncih2170_antibiotics_ps_13,NCI-H2170,train,398,300+
ncih2170_antibiotics_ps_14,NCI-H2170,train,65,50-149
ncih2170_antibiotics_ps_16,NCI-H2170,train,236,150-299
ncih2170_antibiotics_ps_17,NCI-H2170,train,197,150-299
ncih2170_antibiotics_ps_18,NCI-H2170,train,132,50-149
ncih2170_antibiotics_ps_19,NCI-H2170,train,201,150-299
ncih2170_antibiotics_ps_20,NCI-H2170,train,69,50-149
ncih2170_antibiotics_ps_21,NCI-H2170,train,70,50-149
ncih2170_antibiotics_ps_22,NCI-H2170,train,95,50-149
ncih2170_antibiotics_ps_23,NCI-H2170,train,115,50-149
ncih2170_antibiotics_ps_24,NCI-H2170,train,133,50-149
ncih2170_antibiotics_ps_28,NCI-H2170,train,121,50-149
ncih2170_antibiotics_ps_29_a,NCI-H2170,train,93,50-149
ncih2170_antibiotics_ps_30,NCI-H2170,train,95,50-149
ncih2170_antibiotics_ps_31,NCI-H2170,train,305,300+
ncih2170_antibiotics_ps_33,NCI-H2170,train,141,50-149
ncih2170_antibiotics_ps_34_b,NCI-H2170,train,76,50-149
ncih2170_antibiotics_ps_35,NCI-H2170,train,96,50-149
ncih2170_antibiotics_ps_37,NCI-H2170,train,81,50-149
ncih2170_antibiotics_ps_38,NCI-H2170,train,354,300+
ncih2170_antibiotics_ps_39,NCI-H2170,train,131,50-149
ncih2170_antibiotics_ps_40,NCI-H2170,train,75,50-149
ncih2170_antibiotics_ps_41,NCI-H2170,train,150,150-299
ncih2170_antibiotics_ps_42,NCI-H2170,train,96,50-149
ncih2170_antibiotics_ps_43,NCI-H2170,train,63,50-149
ncih2170_antibiotics_ps_44,NCI-H2170,train,829,300+
ncih2170_antibiotics_ps_45,NCI-H2170,train,90,50-149
ncih2170_antibiotics_ps_46,NCI-H2170,train,211,150-299
ncih2170_antibiotics_ps_47,NCI-H2170,train,220,150-299
ncih2170_antibiotics_ps_48,NCI-H2170,train,76,50-149
ncih2170_antibiotics_ps_49,NCI-H2170,train,109,50-149
ncih2170_antibiotics_ps_5,NCI-H2170,train,235,150-299
ncih2170_antibiotics_ps_50,NCI-H2170,train,147,50-149
ncih2170_antibiotics_ps_54,NCI-H2170,train,125,50-149
ncih2170_antibiotics_ps_56_b,NCI-H2170,train,434,300+
ncih2170_antibiotics_ps_57,NCI-H2170,train,70,50-149
ncih2170_antibiotics_ps_58,NCI-H2170,train,212,150-299
ncih2170_antibiotics_ps_61,NCI-H2170,train,246,150-299
ncih2170_antibiotics_ps_62,NCI-H2170,train,458,300+
ncih2170_antibiotics_ps_63,NCI-H2170,train,862,300+
ncih2170_antibiotics_ps_65,NCI-H2170,train,131,50-149
ncih2170_antibiotics_ps_67,NCI-H2170,train,153,150-299
ncih2170_antibiotics_ps_69,NCI-H2170,train,190,150-299
ncih2170_antibiotics_ps_7,NCI-H2170,train,191,150-299
ncih2170_antibiotics_ps_73,NCI-H2170,train,370,300+
ncih2170_antibiotics_ps_75,NCI-H2170,train,88,50-149
ncih2170_antibiotics_ps_76,NCI-H2170,train,209,150-299
ncih2170_antibiotics_ps_77,NCI-H2170,train,264,150-299
ncih2170_antibiotics_ps_79,NCI-H2170,train,505,300+
ncih2170_antibiotics_ps_8,NCI-H2170,train,69,50-149
ncih2170_antibiotics_ps_80,NCI-H2170,train,286,150-299
ncih2170_antibiotics_ps_81,NCI-H2170,train,462,300+
ncih2170_antibiotics_ps_82,NCI-H2170,train,125,50-149
ncih2170_antibiotics_ps_83,NCI-H2170,train,126,50-149
ncih2170_antibiotics_ps_85,NCI-H2170,train,181,150-299
ncih2170_antibiotics_ps_86,NCI-H2170,train,119,50-149
ncih2170_antibiotics_ps_87,NCI-H2170,train,150,150-299
ncih2170_antibiotics_ps_88,NCI-H2170,train,425,300+
ncih2170_antibiotics_ps_89,NCI-H2170,train,117,50-149
ncih2170_antibiotics_ps_9,NCI-H2170,train,243,150-299
ncih2170_antibiotics_ps_94,NCI-H2170,train,147,50-149
ncih2170_antibiotics_ps_95,NCI-H2170,train,350,300+
ncih2170_antibiotics_ps_97,NCI-H2170,train,136,50-149
ncih2170_antibiotics_ps_98_a,NCI-H2170,train,98,50-149
ncih2170_antibiotics_ps_98_b,NCI-H2170,train,229,150-299
ncih2170_antibiotics_ps_g_100,NCI-H2170,train,274,150-299
ncih2170_antibiotics_ps_g_101,NCI-H2170,train,93,50-149
ncih2170_antibiotics_ps_g_103,NCI-H2170,train,801,300+
ncih2170_antibiotics_ps_g_106,NCI-H2170,train,246,150-299
ncih2170_antibiotics_ps_g_108,NCI-H2170,train,83,50-149
ncih2170_antibiotics_ps_g_110,NCI-H2170,train,66,50-149
ncih2170_antibiotics_ps_g_111,NCI-H2170,train,152,150-299
ncih2170_antibiotics_ps_g_112,NCI-H2170,train,184,150-299
ncih2170_antibiotics_ps_g_116,NCI-H2170,train,107,50-149
ncih2170_antibiotics_ps_g_37,NCI-H2170,train,283,150-299
ncih2170_antibiotics_ps_g_40,NCI-H2170,train,98,50-149
ncih2170_antibiotics_ps_g_43,NCI-H2170,train,491,300+
ncih2170_antibiotics_ps_g_46,NCI-H2170,train,148,50-149
ncih2170_antibiotics_ps_g_47,NCI-H2170,train,506,300+
ncih2170_antibiotics_ps_g_48,NCI-H2170,train,362,300+
ncih2170_antibiotics_ps_g_49,NCI-H2170,train,446,300+
ncih2170_antibiotics_ps_g_50,NCI-H2170,train,285,150-299
ncih2170_antibiotics_ps_g_55,NCI-H2170,train,375,300+
ncih2170_antibiotics_ps_g_60,NCI-H2170,train,76,50-149
ncih2170_antibiotics_ps_g_61,NCI-H2170,train,181,150-299
ncih2170_antibiotics_ps_g_62,NCI-H2170,train,244,150-299
ncih2170_antibiotics_ps_g_66,NCI-H2170,train,79,50-149
ncih2170_antibiotics_ps_g_71,NCI-H2170,train,157,150-299
ncih2170_antibiotics_ps_g_74,NCI-H2170,train,213,150-299
ncih2170_antibiotics_ps_g_77,NCI-H2170,train,112,50-149
ncih2170_antibiotics_ps_g_81,NCI-H2170,train,150,150-299
ncih2170_antibiotics_ps_g_85,NCI-H2170,train,289,150-299
ncih2170_antibiotics_ps_g_88_a,NCI-H2170,train,115,50-149
ncih2170_antibiotics_ps_g_88_b,NCI-H2170,train,121,50-149
ncih2170_antibiotics_ps_g_90,NCI-H2170,train,127,50-149
ncih2170_antibiotics_ps_g_91,NCI-H2170,train,560,300+
ncih2170_antibiotics_ps_g_92,NCI-H2170,train,145,50-149
ncih2170_antibiotics_ps_g_94,NCI-H2170,train,235,150-299
ncih2170_antibiotics_ps_g_95,NCI-H2170,train,180,150-299
ncih2170_antibiotics_ps_g_97,NCI-H2170,train,252,150-299
ncih2170_antibiotics_ps_g_98,NCI-H2170,train,167,150-299
ncih2170_cart_72h_blank_ctrl_19,NCI-H2170,train,210,150-299
ncih2170_cart_72h_blank_ctrl_28,NCI-H2170,train,191,150-299
ncih2170_cart_72h_blank_ctrl_32,NCI-H2170,train,99,50-149
ncih2170_cart_72h_blank_ctrl_34,NCI-H2170,train,88,50-149
ncih2170_cart_72h_blank_ctrl_35,NCI-H2170,train,168,150-299
ncih2170_cart_72h_blank_ctrl_36,NCI-H2170,train,86,50-149
ncih2170_cart_72h_blank_ctrl_38,NCI-H2170,train,156,150-299
ncih2170_cart_72h_blank_ctrl_39,NCI-H2170,train,189,150-299
ncih2170_cart_72h_blank_ctrl_50,NCI-H2170,train,149,50-149
ncih2170_cart_72h_blank_ctrl_55,NCI-H2170,train,56,50-149
ncih2170_cart_72h_blank_ctrl_56,NCI-H2170,train,132,50-149
ncih2170_cart_72h_blank_ctrl_57,NCI-H2170,train,75,50-149
ncih2170_cart_72h_blank_ctrl_61,NCI-H2170,train,47,10-49
ncih2170_cart_72h_blank_ctrl_64,NCI-H2170,train,47,10-49
ncih2170_cart_72h_blank_ctrl_7,NCI-H2170,train,196,150-299
ncih2170_cart_72h_blank_ctrl_71,NCI-H2170,train,133,50-149
ncih2170_cart_72h_blank_ctrl_74,NCI-H2170,train,43,10-49
ncih2170_cart_72h_blank_ctrl_8,NCI-H2170,train,132,50-149
ncih2170_cart_72h_blank_ctrl_80,NCI-H2170,train,76,50-149
ncih2170_cart_72h_blank_ctrl_82,NCI-H2170,train,105,50-149
ncih2170_cart_72h_blank_ctrl_83,NCI-H2170,train,35,10-49
ncih2170_cart_72h_blank_ctrl_89,NCI-H2170,train,238,150-299
ncih2170_cart_72h_blank_ctrl_92,NCI-H2170,train,176,150-299
ncih2170_cart_72h_blank_ctrl_98,NCI-H2170,train,257,150-299
ncih2170_cart_72h_cart_1,NCI-H2170,train,75,50-149
ncih2170_cart_72h_cart_100,NCI-H2170,train,664,300+
ncih2170_cart_72h_cart_16,NCI-H2170,train,16,10-49
ncih2170_cart_72h_cart_17,NCI-H2170,train,44,10-49
ncih2170_cart_72h_cart_20,NCI-H2170,train,53,50-149
ncih2170_cart_72h_cart_22,NCI-H2170,train,15,10-49
ncih2170_cart_72h_cart_27,NCI-H2170,train,71,50-149
ncih2170_cart_72h_cart_31,NCI-H2170,train,119,50-149
ncih2170_cart_72h_cart_32,NCI-H2170,train,74,50-149
ncih2170_cart_72h_cart_33,NCI-H2170,train,117,50-149
ncih2170_cart_72h_cart_4,NCI-H2170,train,41,10-49
ncih2170_cart_72h_cart_40,NCI-H2170,train,22,10-49
ncih2170_cart_72h_cart_47,NCI-H2170,train,81,50-149
ncih2170_cart_72h_cart_49,NCI-H2170,train,18,10-49
ncih2170_cart_72h_cart_5,NCI-H2170,train,27,10-49
ncih2170_cart_72h_cart_57,NCI-H2170,train,99,50-149
ncih2170_cart_72h_cart_60,NCI-H2170,train,30,10-49
ncih2170_cart_72h_cart_64,NCI-H2170,train,78,50-149
ncih2170_cart_72h_cart_73,NCI-H2170,train,73,50-149
ncih2170_cart_72h_cart_78,NCI-H2170,train,112,50-149
ncih2170_cart_72h_cart_80,NCI-H2170,train,244,150-299
ncih2170_cart_72h_cart_82,NCI-H2170,train,69,50-149
ncih2170_cart_72h_cart_83,NCI-H2170,train,102,50-149
ncih2170_cart_72h_cart_88,NCI-H2170,train,111,50-149
ncih2170_cart_72h_cart_89,NCI-H2170,train,497,300+
ncih2170_cart_72h_cart_90,NCI-H2170,train,175,150-299
ncih2170_cart_72h_cart_91,NCI-H2170,train,382,300+
ncih2170_cart_72h_cart_93,NCI-H2170,train,184,150-299
ncih2170_cart_72h_cart_95,NCI-H2170,train,318,300+
ncih2170_cart_72h_cart_96,NCI-H2170,train,105,50-149
ncih2170_cart_72h_cart_97,NCI-H2170,train,181,150-299
ncih2170_cart_72h_cart_99,NCI-H2170,train,179,150-299
ncih2170_cart_72h_nt_ctrl_10,NCI-H2170,train,76,50-149
ncih2170_cart_72h_nt_ctrl_100,NCI-H2170,train,143,50-149
ncih2170_cart_72h_nt_ctrl_12,NCI-H2170,train,209,150-299
ncih2170_cart_72h_nt_ctrl_13,NCI-H2170,train,78,50-149
ncih2170_cart_72h_nt_ctrl_16,NCI-H2170,train,74,50-149
ncih2170_cart_72h_nt_ctrl_21,NCI-H2170,train,186,150-299
ncih2170_cart_72h_nt_ctrl_24,NCI-H2170,train,35,10-49
ncih2170_cart_72h_nt_ctrl_26,NCI-H2170,train,130,50-149
ncih2170_cart_72h_nt_ctrl_28,NCI-H2170,train,162,150-299
ncih2170_cart_72h_nt_ctrl_39,NCI-H2170,train,53,50-149
ncih2170_cart_72h_nt_ctrl_4,NCI-H2170,train,77,50-149
ncih2170_cart_72h_nt_ctrl_41,NCI-H2170,train,142,50-149
ncih2170_cart_72h_nt_ctrl_43,NCI-H2170,train,142,50-149
ncih2170_cart_72h_nt_ctrl_44,NCI-H2170,train,75,50-149
ncih2170_cart_72h_nt_ctrl_45,NCI-H2170,train,188,150-299
ncih2170_cart_72h_nt_ctrl_47,NCI-H2170,train,157,150-299
ncih2170_cart_72h_nt_ctrl_48,NCI-H2170,train,60,50-149
ncih2170_cart_72h_nt_ctrl_52,NCI-H2170,train,136,50-149
ncih2170_cart_72h_nt_ctrl_54,NCI-H2170,train,245,150-299
ncih2170_cart_72h_nt_ctrl_55,NCI-H2170,train,216,150-299
ncih2170_cart_72h_nt_ctrl_56,NCI-H2170,train,246,150-299
ncih2170_cart_72h_nt_ctrl_58,NCI-H2170,train,211,150-299
ncih2170_cart_72h_nt_ctrl_6,NCI-H2170,train,51,50-149
ncih2170_cart_72h_nt_ctrl_65,NCI-H2170,train,74,50-149
ncih2170_cart_72h_nt_ctrl_66,NCI-H2170,train,291,150-299
ncih2170_cart_72h_nt_ctrl_67,NCI-H2170,train,87,50-149
ncih2170_cart_72h_nt_ctrl_74,NCI-H2170,train,348,300+
ncih2170_cart_72h_nt_ctrl_75,NCI-H2170,train,99,50-149
ncih2170_cart_72h_nt_ctrl_77,NCI-H2170,train,159,150-299
ncih2170_cart_72h_nt_ctrl_81,NCI-H2170,train,478,300+
ncih2170_cart_72h_nt_ctrl_87,NCI-H2170,train,231,150-299
ncih2170_cart_72h_nt_ctrl_88,NCI-H2170,train,534,300+
ncih2170_cart_72h_nt_ctrl_9,NCI-H2170,train,84,50-149
ncih2170_cart_72h_nt_ctrl_91,NCI-H2170,train,113,50-149
ncih2170_cart_72h_nt_ctrl_94,NCI-H2170,train,226,150-299
ncih2170_cart_72h_nt_ctrl_99,NCI-H2170,train,66,50-149
ncih2170_ctrl_1_24,NCI-H2170,train,355,300+
ncih2170_ctrl_1_25,NCI-H2170,train,441,300+
ncih2170_ctrl_1_27,NCI-H2170,train,504,300+
ncih2170_ctrl_1_29,NCI-H2170,train,226,150-299
ncih2170_ctrl_1_33,NCI-H2170,train,431,300+
ncih2170_ctrl_1_37,NCI-H2170,train,223,150-299
ncih2170_ctrl_1_39,NCI-H2170,train,194,150-299
ncih2170_ctrl_1_41,NCI-H2170,train,489,300+
ncih2170_ctrl_1_44,NCI-H2170,train,178,150-299
ncih2170_ctrl_1_50,NCI-H2170,train,243,150-299
ncih2170_ctrl_1_51,NCI-H2170,train,280,150-299
ncih2170_ctrl_1_53,NCI-H2170,train,613,300+
ncih2170_ctrl_1_55,NCI-H2170,train,589,300+
ncih2170_ctrl_1_65,NCI-H2170,train,230,150-299
ncih2170_ctrl_1_66,NCI-H2170,train,283,150-299
ncih2170_ctrl_1_68,NCI-H2170,train,226,150-299
ncih2170_ctrl_1_82,NCI-H2170,train,404,300+
ncih2170_ctrl_1_86,NCI-H2170,train,359,300+
ncih2170_ctrl_1_89,NCI-H2170,train,832,300+
ncih2170_ctrl_1_95,NCI-H2170,train,215,150-299
ncih2170_ctrl_1_98,NCI-H2170,train,119,50-149
ncih2170_ctrl_1_99,NCI-H2170,train,221,150-299
ncih2170_ctrl_2_102,NCI-H2170,train,257,150-299
ncih2170_ctrl_2_103,NCI-H2170,train,107,50-149
ncih2170_ctrl_2_106,NCI-H2170,train,909,300+
ncih2170_ctrl_2_107,NCI-H2170,train,116,50-149
ncih2170_ctrl_2_112,NCI-H2170,train,217,150-299
ncih2170_ctrl_2_114,NCI-H2170,train,503,300+
ncih2170_ctrl_2_115,NCI-H2170,train,371,300+
ncih2170_ctrl_2_116,NCI-H2170,train,94,50-149
ncih2170_ctrl_2_117,NCI-H2170,train,172,150-299
ncih2170_ctrl_2_118,NCI-H2170,train,523,300+
ncih2170_ctrl_2_119,NCI-H2170,train,282,150-299
ncih2170_ctrl_2_121,NCI-H2170,train,418,300+
ncih2170_ctrl_2_122,NCI-H2170,train,194,150-299
ncih2170_ctrl_2_124,NCI-H2170,train,163,150-299
ncih2170_ctrl_2_125,NCI-H2170,train,413,300+
ncih2170_ctrl_2_127,NCI-H2170,train,378,300+
ncih2170_ctrl_2_129,NCI-H2170,train,220,150-299
ncih2170_ctrl_2_130,NCI-H2170,train,228,150-299
ncih2170_ctrl_2_134,NCI-H2170,train,390,300+
ncih2170_ctrl_2_136,NCI-H2170,train,314,300+
ncih2170_ctrl_2_141,NCI-H2170,train,114,50-149
ncih2170_ctrl_2_22,NCI-H2170,train,438,300+
ncih2170_ctrl_2_28,NCI-H2170,train,259,150-299
ncih2170_ctrl_2_29,NCI-H2170,train,170,150-299
ncih2170_ctrl_2_30,NCI-H2170,train,572,300+
ncih2170_ctrl_2_35,NCI-H2170,train,604,300+
ncih2170_ctrl_2_40,NCI-H2170,train,297,150-299
ncih2170_ctrl_2_41,NCI-H2170,train,742,300+
ncih2170_ctrl_2_92,NCI-H2170,train,436,300+
ncih2170_ctrl_2_93,NCI-H2170,train,287,150-299
ncih2170_ctrl_2_94,NCI-H2170,train,146,50-149
ncih2170_ctrl_2_99,NCI-H2170,train,290,150-299
ncih2170_facs_fish_0223_high_her2_10,NCI-H2170,train,138,50-149
ncih2170_facs_fish_0223_high_her2_11,NCI-H2170,train,101,50-149
ncih2170_facs_fish_0223_high_her2_16,NCI-H2170,train,130,50-149
ncih2170_facs_fish_0223_high_her2_18,NCI-H2170,train,46,10-49
ncih2170_facs_fish_0223_high_her2_2,NCI-H2170,train,86,50-149
ncih2170_facs_fish_0223_high_her2_3,NCI-H2170,train,116,50-149
ncih2170_facs_fish_0223_high_her2_4,NCI-H2170,train,77,50-149
ncih2170_facs_fish_0223_high_her2_5,NCI-H2170,train,152,150-299
ncih2170_facs_fish_0223_high_her2_6,NCI-H2170,train,332,300+
ncih2170_facs_fish_0223_high_her2_8,NCI-H2170,train,228,150-299
ncih2170_facs_fish_0223_high_her2_9,NCI-H2170,train,94,50-149
ncih2170_facs_fish_0223_low_her2_10,NCI-H2170,train,24,10-49
ncih2170_facs_fish_0223_low_her2_9,NCI-H2170,train,24,10-49
ncih2170_facs_fish_0423_high_her2_21,NCI-H2170,train,115,50-149
ncih2170_facs_fish_0423_high_her2_23,NCI-H2170,train,187,150-299
ncih2170_facs_fish_0423_high_her2_24,NCI-H2170,train,174,150-299
ncih2170_facs_fish_0423_high_her2_25,NCI-H2170,train,97,50-149
ncih2170_facs_fish_0423_low_her2_101,NCI-H2170,train,104,50-149
ncih2170_facs_fish_0423_low_her2_104,NCI-H2170,train,61,50-149
ncih2170_facs_fish_0423_low_her2_105,NCI-H2170,train,62,50-149
ncih2170_facs_fish_0423_low_her2_109,NCI-H2170,train,109,50-149
ncih2170_facs_fish_0423_low_her2_111,NCI-H2170,train,107,50-149
ncih2170_facs_fish_0423_low_her2_118,NCI-H2170,train,43,10-49
ncih2170_facs_fish_0423_low_her2_16,NCI-H2170,train,61,50-149
ncih2170_facs_fish_0423_low_her2_18,NCI-H2170,train,99,50-149
ncih2170_facs_fish_0423_low_her2_20,NCI-H2170,train,213,150-299
ncih2170_facs_fish_0423_low_her2_22,NCI-H2170,train,64,50-149
ncih2170_facs_fish_0423_low_her2_3,NCI-H2170,train,128,50-149
ncih2170_facs_fish_0423_low_her2_30,NCI-H2170,train,96,50-149
ncih2170_facs_fish_0423_low_her2_31_b,NCI-H2170,train,197,150-299
ncih2170_facs_fish_0423_low_her2_35,NCI-H2170,train,211,150-299
ncih2170_facs_fish_0423_low_her2_37,NCI-H2170,train,60,50-149
ncih2170_facs_fish_0423_low_her2_4,NCI-H2170,train,117,50-149
ncih2170_facs_fish_0423_low_her2_44,NCI-H2170,train,115,50-149
ncih2170_facs_fish_0423_low_her2_46,NCI-H2170,train,167,150-299
ncih2170_facs_fish_0423_low_her2_48,NCI-H2170,train,99,50-149
ncih2170_facs_fish_0423_low_her2_59,NCI-H2170,train,170,150-299
ncih2170_facs_fish_0423_low_her2_66,NCI-H2170,train,41,10-49
ncih2170_facs_fish_0423_low_her2_68,NCI-H2170,train,103,50-149
ncih2170_facs_fish_0423_low_her2_7,NCI-H2170,train,84,50-149
ncih2170_facs_fish_0423_low_her2_71,NCI-H2170,train,135,50-149
ncih2170_facs_fish_0423_low_her2_72,NCI-H2170,train,142,50-149
ncih2170_facs_fish_0423_low_her2_74,NCI-H2170,train,97,50-149
ncih2170_facs_fish_0423_low_her2_75,NCI-H2170,train,111,50-149
ncih2170_facs_fish_0423_low_her2_76,NCI-H2170,train,204,150-299
ncih2170_facs_fish_0423_low_her2_9,NCI-H2170,train,143,50-149
ncih2170_facs_fish_0423_low_her2_95,NCI-H2170,train,26,10-49
ncih2170_facs_fish_0423_low_her2_97,NCI-H2170,train,114,50-149
ncih2170_facs_fish_0423_low_her2_98,NCI-H2170,train,125,50-149
ncih2170_facs_fish_0723_high_her2_10,NCI-H2170,train,597,300+
ncih2170_facs_fish_0723_high_her2_102,NCI-H2170,train,276,150-299
ncih2170_facs_fish_0723_high_her2_103,NCI-H2170,train,199,150-299
ncih2170_facs_fish_0723_high_her2_104,NCI-H2170,train,676,300+
ncih2170_facs_fish_0723_high_her2_109,NCI-H2170,train,292,150-299
ncih2170_facs_fish_0723_high_her2_113,NCI-H2170,train,843,300+
ncih2170_facs_fish_0723_high_her2_114,NCI-H2170,train,329,300+
ncih2170_facs_fish_0723_high_her2_116,NCI-H2170,train,395,300+
ncih2170_facs_fish_0723_high_her2_12,NCI-H2170,train,211,150-299
ncih2170_facs_fish_0723_high_her2_120,NCI-H2170,train,250,150-299
ncih2170_facs_fish_0723_high_her2_121,NCI-H2170,train,344,300+
ncih2170_facs_fish_0723_high_her2_122,NCI-H2170,train,245,150-299
ncih2170_facs_fish_0723_high_her2_123,NCI-H2170,train,325,300+
ncih2170_facs_fish_0723_high_her2_124,NCI-H2170,train,165,150-299
ncih2170_facs_fish_0723_high_her2_13,NCI-H2170,train,299,150-299
ncih2170_facs_fish_0723_high_her2_18,NCI-H2170,train,611,300+
ncih2170_facs_fish_0723_high_her2_24,NCI-H2170,train,184,150-299
ncih2170_facs_fish_0723_high_her2_27,NCI-H2170,train,319,300+
ncih2170_facs_fish_0723_high_her2_28,NCI-H2170,train,232,150-299
ncih2170_facs_fish_0723_high_her2_3,NCI-H2170,train,460,300+
ncih2170_facs_fish_0723_high_her2_30,NCI-H2170,train,376,300+
ncih2170_facs_fish_0723_high_her2_36,NCI-H2170,train,236,150-299
ncih2170_facs_fish_0723_high_her2_4,NCI-H2170,train,396,300+
ncih2170_facs_fish_0723_high_her2_40,NCI-H2170,train,517,300+
ncih2170_facs_fish_0723_high_her2_41,NCI-H2170,train,265,150-299
ncih2170_facs_fish_0723_high_her2_42,NCI-H2170,train,323,300+
ncih2170_facs_fish_0723_high_her2_54,NCI-H2170,train,120,50-149
ncih2170_facs_fish_0723_high_her2_55,NCI-H2170,train,223,150-299
ncih2170_facs_fish_0723_high_her2_56,NCI-H2170,train,252,150-299
ncih2170_facs_fish_0723_high_her2_64,NCI-H2170,train,260,150-299
ncih2170_facs_fish_0723_high_her2_7,NCI-H2170,train,495,300+
ncih2170_facs_fish_0723_high_her2_82,NCI-H2170,train,498,300+
ncih2170_facs_fish_0723_high_her2_83,NCI-H2170,train,307,300+
ncih2170_facs_fish_0723_high_her2_84,NCI-H2170,train,258,150-299
ncih2170_facs_fish_0723_high_her2_86,NCI-H2170,train,164,150-299
ncih2170_facs_fish_0723_high_her2_87,NCI-H2170,train,249,150-299
ncih2170_facs_fish_0723_high_her2_9,NCI-H2170,train,262,150-299
ncih2170_facs_fish_0723_high_her2_92,NCI-H2170,train,147,50-149
ncih2170_facs_fish_0723_high_her2_96,NCI-H2170,train,497,300+
ncih2170_facs_fish_0723_high_her2_98,NCI-H2170,train,226,150-299
ncih2170_facs_fish_0723_low_her2_10,NCI-H2170,train,206,150-299
ncih2170_facs_fish_0723_low_her2_103,NCI-H2170,train,207,150-299
ncih2170_facs_fish_0723_low_her2_106,NCI-H2170,train,71,50-149
ncih2170_facs_fish_0723_low_her2_108,NCI-H2170,train,53,50-149
ncih2170_facs_fish_0723_low_her2_112,NCI-H2170,train,98,50-149
ncih2170_facs_fish_0723_low_her2_118,NCI-H2170,train,93,50-149
ncih2170_facs_fish_0723_low_her2_124,NCI-H2170,train,152,150-299
ncih2170_facs_fish_0723_low_her2_125,NCI-H2170,train,73,50-149
ncih2170_facs_fish_0723_low_her2_126,NCI-H2170,train,124,50-149
ncih2170_facs_fish_0723_low_her2_13,NCI-H2170,train,82,50-149
ncih2170_facs_fish_0723_low_her2_15,NCI-H2170,train,132,50-149
ncih2170_facs_fish_0723_low_her2_20,NCI-H2170,train,183,150-299
ncih2170_facs_fish_0723_low_her2_21,NCI-H2170,train,260,150-299
ncih2170_facs_fish_0723_low_her2_25,NCI-H2170,train,54,50-149
ncih2170_facs_fish_0723_low_her2_3,NCI-H2170,train,124,50-149
ncih2170_facs_fish_0723_low_her2_32,NCI-H2170,train,78,50-149
ncih2170_facs_fish_0723_low_her2_34,NCI-H2170,train,72,50-149
ncih2170_facs_fish_0723_low_her2_38,NCI-H2170,train,86,50-149
ncih2170_facs_fish_0723_low_her2_39,NCI-H2170,train,100,50-149
ncih2170_facs_fish_0723_low_her2_40,NCI-H2170,train,97,50-149
ncih2170_facs_fish_0723_low_her2_42,NCI-H2170,train,122,50-149
ncih2170_facs_fish_0723_low_her2_43,NCI-H2170,train,71,50-149
ncih2170_facs_fish_0723_low_her2_44,NCI-H2170,train,162,150-299
ncih2170_facs_fish_0723_low_her2_51,NCI-H2170,train,106,50-149
ncih2170_facs_fish_0723_low_her2_53,NCI-H2170,train,105,50-149
ncih2170_facs_fish_0723_low_her2_54,NCI-H2170,train,106,50-149
ncih2170_facs_fish_0723_low_her2_57,NCI-H2170,train,236,150-299
ncih2170_facs_fish_0723_low_her2_6,NCI-H2170,train,66,50-149
ncih2170_facs_fish_0723_low_her2_62,NCI-H2170,train,53,50-149
ncih2170_facs_fish_0723_low_her2_68,NCI-H2170,train,32,10-49
ncih2170_facs_fish_0723_low_her2_70,NCI-H2170,train,115,50-149
ncih2170_facs_fish_0723_low_her2_75,NCI-H2170,train,43,10-49
ncih2170_facs_fish_0723_low_her2_83,NCI-H2170,train,78,50-149
ncih2170_facs_fish_0723_low_her2_87,NCI-H2170,train,64,50-149
ncih2170_facs_fish_0723_low_her2_88,NCI-H2170,train,46,10-49
ncih2170_facs_fish_0723_low_her2_89,NCI-H2170,train,79,50-149
ncih2170_facs_fish_0723_low_her2_92,NCI-H2170,train,130,50-149
ncih2170_facs_fish_0723_low_her2_93,NCI-H2170,train,39,10-49
ncih2170_facs_fish_0723_low_her2_94,NCI-H2170,train,93,50-149
ncih2170_facs_fish_0723_low_her2_98,NCI-H2170,train,121,50-149
ncih2170_facs_fish_0723_pre_sort_ctrl_1,NCI-H2170,train,94,50-149
ncih2170_facs_fish_0723_pre_sort_ctrl_12,NCI-H2170,train,173,150-299
ncih2170_facs_fish_0723_pre_sort_ctrl_14,NCI-H2170,train,179,150-299
ncih2170_facs_fish_0723_pre_sort_ctrl_16,NCI-H2170,train,85,50-149
ncih2170_facs_fish_0723_pre_sort_ctrl_17,NCI-H2170,train,513,300+
ncih2170_facs_fish_0723_pre_sort_ctrl_18,NCI-H2170,train,255,150-299
ncih2170_facs_fish_0723_pre_sort_ctrl_19,NCI-H2170,train,123,50-149
ncih2170_facs_fish_0723_pre_sort_ctrl_2,NCI-H2170,train,520,300+
ncih2170_facs_fish_0723_pre_sort_ctrl_21,NCI-H2170,train,250,150-299
ncih2170_facs_fish_0723_pre_sort_ctrl_24,NCI-H2170,train,64,50-149
ncih2170_facs_fish_0723_pre_sort_ctrl_8,NCI-H2170,train,193,150-299
ncih2170_facs_fish_0723_sorted_ctrl_11,NCI-H2170,train,34,10-49
ncih2170_facs_fish_0723_sorted_ctrl_18,NCI-H2170,train,292,150-299
ncih2170_facs_fish_0723_sorted_ctrl_21,NCI-H2170,train,407,300+
ncih2170_facs_fish_0723_sorted_ctrl_22,NCI-H2170,train,88,50-149
ncih2170_facs_fish_0723_sorted_ctrl_25,NCI-H2170,train,138,50-149
ncih2170_facs_fish_0723_sorted_ctrl_31,NCI-H2170,train,78,50-149
ncih2170_facs_fish_0723_sorted_ctrl_32,NCI-H2170,train,288,150-299
ncih2170_facs_fish_0723_sorted_ctrl_33,NCI-H2170,train,168,150-299
ncih2170_facs_fish_0723_sorted_ctrl_36,NCI-H2170,train,67,50-149
ncih2170_facs_fish_0723_sorted_ctrl_37,NCI-H2170,train,239,150-299
ncih2170_facs_fish_0723_sorted_ctrl_4,NCI-H2170,train,536,300+
ncih2170_facs_fish_0723_sorted_ctrl_40,NCI-H2170,train,65,50-149
ncih2170_facs_fish_0723_sorted_ctrl_41,NCI-H2170,train,292,150-299
ncih2170_facs_fish_0723_sorted_ctrl_43,NCI-H2170,train,98,50-149
ncih2170_facs_fish_0723_sorted_ctrl_48,NCI-H2170,train,274,150-299
ncih2170_facs_fish_0723_sorted_ctrl_52,NCI-H2170,train,226,150-299
ncih2170_facs_fish_0723_sorted_ctrl_54,NCI-H2170,train,116,50-149
ncih2170_facs_fish_0723_sorted_ctrl_55,NCI-H2170,train,262,150-299
ncih2170_facs_fish_0723_sorted_ctrl_57,NCI-H2170,train,284,150-299
ncih2170_facs_fish_0723_sorted_ctrl_59,NCI-H2170,train,277,150-299
ncih2170_facs_fish_0723_sorted_ctrl_64,NCI-H2170,train,333,300+
ncih2170_facs_fish_0723_sorted_ctrl_65,NCI-H2170,train,139,50-149
ncih2170_facs_fish_0723_sorted_ctrl_66,NCI-H2170,train,58,50-149
ncih2170_facs_fish_0723_sorted_ctrl_68,NCI-H2170,train,266,150-299
ncih2170_facs_fish_0723_sorted_ctrl_72,NCI-H2170,train,259,150-299
ncih2170_facs_fish_0723_sorted_ctrl_74,NCI-H2170,train,73,50-149
ncih2170_facs_fish_0723_sorted_ctrl_75,NCI-H2170,train,205,150-299
ncih2170_facs_fish_0723_sorted_ctrl_76,NCI-H2170,train,291,150-299
ncih2170_facs_fish_0723_sorted_ctrl_77,NCI-H2170,train,199,150-299
ncih2170_facs_fish_0723_sorted_ctrl_79,NCI-H2170,train,27,10-49
ncih2170_facs_fish_0723_sorted_ctrl_85,NCI-H2170,train,249,150-299
ncih2170_facs_fish_0723_sorted_ctrl_87,NCI-H2170,train,190,150-299
ncih2170_facs_fish_0723_sorted_ctrl_9,NCI-H2170,train,87,50-149
ncih2170_facs_fish_0723_sorted_ctrl_99,NCI-H2170,train,203,150-299
ncih2170_jc_jq1_ic50_24h_1,NCI-H2170,train,83,50-149
ncih2170_jc_jq1_ic50_24h_101,NCI-H2170,train,99,50-149
ncih2170_jc_jq1_ic50_24h_104,NCI-H2170,train,74,50-149
ncih2170_jc_jq1_ic50_24h_106,NCI-H2170,train,239,150-299
ncih2170_jc_jq1_ic50_24h_111,NCI-H2170,train,128,50-149
ncih2170_jc_jq1_ic50_24h_112,NCI-H2170,train,308,300+
ncih2170_jc_jq1_ic50_24h_113,NCI-H2170,train,200,150-299
ncih2170_jc_jq1_ic50_24h_114,NCI-H2170,train,250,150-299
ncih2170_jc_jq1_ic50_24h_115,NCI-H2170,train,180,150-299
ncih2170_jc_jq1_ic50_24h_117,NCI-H2170,train,135,50-149
ncih2170_jc_jq1_ic50_24h_118,NCI-H2170,train,105,50-149
ncih2170_jc_jq1_ic50_24h_119,NCI-H2170,train,177,150-299
ncih2170_jc_jq1_ic50_24h_120,NCI-H2170,train,143,50-149
ncih2170_jc_jq1_ic50_24h_2,NCI-H2170,train,783,300+
ncih2170_jc_jq1_ic50_24h_21,NCI-H2170,train,180,150-299
ncih2170_jc_jq1_ic50_24h_24,NCI-H2170,train,99,50-149
ncih2170_jc_jq1_ic50_24h_25,NCI-H2170,train,93,50-149
ncih2170_jc_jq1_ic50_24h_26,NCI-H2170,train,142,50-149
ncih2170_jc_jq1_ic50_24h_27,NCI-H2170,train,438,300+
ncih2170_jc_jq1_ic50_24h_29,NCI-H2170,train,201,150-299
ncih2170_jc_jq1_ic50_24h_30,NCI-H2170,train,163,150-299
ncih2170_jc_jq1_ic50_24h_31,NCI-H2170,train,274,150-299
ncih2170_jc_jq1_ic50_24h_33,NCI-H2170,train,121,50-149
ncih2170_jc_jq1_ic50_24h_40,NCI-H2170,train,406,300+
ncih2170_jc_jq1_ic50_24h_41,NCI-H2170,train,69,50-149
ncih2170_jc_jq1_ic50_24h_42,NCI-H2170,train,51,50-149
ncih2170_jc_jq1_ic50_24h_47,NCI-H2170,train,120,50-149
ncih2170_jc_jq1_ic50_24h_5,NCI-H2170,train,86,50-149
ncih2170_jc_jq1_ic50_24h_51,NCI-H2170,train,323,300+
ncih2170_jc_jq1_ic50_24h_53,NCI-H2170,train,127,50-149
ncih2170_jc_jq1_ic50_24h_54,NCI-H2170,train,101,50-149
ncih2170_jc_jq1_ic50_24h_56,NCI-H2170,train,265,150-299
ncih2170_jc_jq1_ic50_24h_61,NCI-H2170,train,50,50-149
ncih2170_jc_jq1_ic50_24h_62,NCI-H2170,train,155,150-299
ncih2170_jc_jq1_ic50_24h_64,NCI-H2170,train,102,50-149
ncih2170_jc_jq1_ic50_24h_66,NCI-H2170,train,246,150-299
ncih2170_jc_jq1_ic50_24h_67,NCI-H2170,train,118,50-149
ncih2170_jc_jq1_ic50_24h_68,NCI-H2170,train,160,150-299
ncih2170_jc_jq1_ic50_24h_69,NCI-H2170,train,62,50-149
ncih2170_jc_jq1_ic50_24h_72,NCI-H2170,train,94,50-149
ncih2170_jc_jq1_ic50_24h_73,NCI-H2170,train,123,50-149
ncih2170_jc_jq1_ic50_24h_74,NCI-H2170,train,314,300+
ncih2170_jc_jq1_ic50_24h_75,NCI-H2170,train,111,50-149
ncih2170_jc_jq1_ic50_24h_76_a,NCI-H2170,train,149,50-149
ncih2170_jc_jq1_ic50_24h_79,NCI-H2170,train,110,50-149
ncih2170_jc_jq1_ic50_24h_89,NCI-H2170,train,134,50-149
ncih2170_jc_jq1_ic50_24h_91,NCI-H2170,train,125,50-149
ncih2170_jc_jq1_ic50_24h_92,NCI-H2170,train,141,50-149
ncih2170_jc_jq1_ic50_24h_93,NCI-H2170,train,419,300+
ncih2170_jc_jq1_ic50_24h_94,NCI-H2170,train,135,50-149
ncih2170_jc_jq1_ic50_24h_95,NCI-H2170,train,58,50-149
ncih2170_jc_jq1_ic50_24h_96,NCI-H2170,train,69,50-149
ncih2170_jc_jq1_ic50_24h_97,NCI-H2170,train,53,50-149
ncih2170_jc_lap_ic50_24h_10,NCI-H2170,train,103,50-149
ncih2170_jc_lap_ic50_24h_101,NCI-H2170,train,278,150-299
ncih2170_jc_lap_ic50_24h_102,NCI-H2170,train,125,50-149
ncih2170_jc_lap_ic50_24h_104,NCI-H2170,train,151,150-299
ncih2170_jc_lap_ic50_24h_106,NCI-H2170,train,166,150-299
ncih2170_jc_lap_ic50_24h_108,NCI-H2170,train,70,50-149
ncih2170_jc_lap_ic50_24h_109,NCI-H2170,train,99,50-149
ncih2170_jc_lap_ic50_24h_112,NCI-H2170,train,210,150-299
ncih2170_jc_lap_ic50_24h_114,NCI-H2170,train,50,50-149
ncih2170_jc_lap_ic50_24h_115,NCI-H2170,train,125,50-149
ncih2170_jc_lap_ic50_24h_116,NCI-H2170,train,101,50-149
ncih2170_jc_lap_ic50_24h_118,NCI-H2170,train,63,50-149
ncih2170_jc_lap_ic50_24h_119,NCI-H2170,train,120,50-149
ncih2170_jc_lap_ic50_24h_17,NCI-H2170,train,54,50-149
ncih2170_jc_lap_ic50_24h_19,NCI-H2170,train,82,50-149
ncih2170_jc_lap_ic50_24h_20,NCI-H2170,train,177,150-299
ncih2170_jc_lap_ic50_24h_21,NCI-H2170,train,242,150-299
ncih2170_jc_lap_ic50_24h_24,NCI-H2170,train,97,50-149
ncih2170_jc_lap_ic50_24h_25,NCI-H2170,train,107,50-149
ncih2170_jc_lap_ic50_24h_27,NCI-H2170,train,65,50-149
ncih2170_jc_lap_ic50_24h_29f,NCI-H2170,train,101,50-149
ncih2170_jc_lap_ic50_24h_31,NCI-H2170,train,132,50-149
ncih2170_jc_lap_ic50_24h_32,NCI-H2170,train,54,50-149
ncih2170_jc_lap_ic50_24h_33,NCI-H2170,train,185,150-299
ncih2170_jc_lap_ic50_24h_36,NCI-H2170,train,36,10-49
ncih2170_jc_lap_ic50_24h_39,NCI-H2170,train,122,50-149
ncih2170_jc_lap_ic50_24h_41,NCI-H2170,train,185,150-299
ncih2170_jc_lap_ic50_24h_45,NCI-H2170,train,145,50-149
ncih2170_jc_lap_ic50_24h_48,NCI-H2170,train,97,50-149
ncih2170_jc_lap_ic50_24h_49,NCI-H2170,train,40,10-49
ncih2170_jc_lap_ic50_24h_4_s,NCI-H2170,train,41,10-49
ncih2170_jc_lap_ic50_24h_52,NCI-H2170,train,150,150-299
ncih2170_jc_lap_ic50_24h_54,NCI-H2170,train,75,50-149
ncih2170_jc_lap_ic50_24h_56,NCI-H2170,train,70,50-149
ncih2170_jc_lap_ic50_24h_57,NCI-H2170,train,202,150-299
ncih2170_jc_lap_ic50_24h_58,NCI-H2170,train,390,300+
ncih2170_jc_lap_ic50_24h_61,NCI-H2170,train,165,150-299
ncih2170_jc_lap_ic50_24h_74,NCI-H2170,train,152,150-299
ncih2170_jc_lap_ic50_24h_75,NCI-H2170,train,177,150-299
ncih2170_jc_lap_ic50_24h_76,NCI-H2170,train,258,150-299
ncih2170_jc_lap_ic50_24h_79,NCI-H2170,train,110,50-149
ncih2170_jc_lap_ic50_24h_8,NCI-H2170,train,68,50-149
ncih2170_jc_lap_ic50_24h_83,NCI-H2170,train,111,50-149
ncih2170_jc_lap_ic50_24h_84,NCI-H2170,train,161,150-299
ncih2170_jc_lap_ic50_24h_88,NCI-H2170,train,239,150-299
ncih2170_jc_lap_ic50_24h_90,NCI-H2170,train,283,150-299
ncih2170_jc_lap_ic50_24h_93,NCI-H2170,train,259,150-299
ncih2170_jc_lap_ic50_24h_96,NCI-H2170,train,261,150-299
ncih2170_jc_lap_ic50_24h_99,NCI-H2170,train,89,50-149
ncih2170_jc_ner_ic50_24h_21,NCI-H2170,train,475,300+
ncih2170_jc_ner_ic50_24h_28,NCI-H2170,train,62,50-149
ncih2170_jc_ner_ic50_24h_3,NCI-H2170,train,574,300+
ncih2170_jc_ner_ic50_24h_47,NCI-H2170,train,212,150-299
ncih2170_jc_ner_ic50_24h_51,NCI-H2170,train,166,150-299
ncih2170_jc_ner_ic50_24h_53,NCI-H2170,train,182,150-299
ncih2170_jc_ner_ic50_24h_6,NCI-H2170,train,109,50-149
ncih2170_jc_ner_ic50_24h_7,NCI-H2170,train,137,50-149
ncih2170_jc_ner_ic50_24h_72,NCI-H2170,train,143,50-149
ncih2170_jc_ner_ic50_24h_73,NCI-H2170,train,78,50-149
ncih2170_jc_ner_ic50_24h_80,NCI-H2170,train,129,50-149
ncih2170_jc_ner_ic50_24h_9,NCI-H2170,train,168,150-299
ncih2170_jc_ner_ic50_72h_39,NCI-H2170,train,396,300+
ncih2170_jc_ner_ic50_72h_40,NCI-H2170,train,349,300+
ncih2170_jc_ner_ic50_72h_66,NCI-H2170,train,163,150-299
ncih2170_jc_ner_ic50_72h_75,NCI-H2170,train,233,150-299
ncih2170_jc_ner_ic50_72h_89,NCI-H2170,train,1687,300+
ncih2170_jc_ner_ic50_72h_92,NCI-H2170,train,233,150-299
ncih2170_post_facs_fish_high_her2_g3_42,NCI-H2170,train,611,300+
ncih2170_post_facs_fish_high_her2_g3_61,NCI-H2170,train,186,150-299
ncih2170_post_facs_fish_high_her2_g3_65,NCI-H2170,train,88,50-149
ncih2170_post_facs_fish_low_her2_g3_101,NCI-H2170,train,153,150-299
ncih2170_post_facs_fish_low_her2_g3_36,NCI-H2170,train,179,150-299
ncih2170_post_facs_fish_low_her2_g3_39,NCI-H2170,train,191,150-299
ncih2170_post_facs_fish_low_her2_g3_59,NCI-H2170,train,45,10-49
ncih2170_post_facs_fish_low_her2_g3_6,NCI-H2170,train,479,300+
ncih2170_post_facs_fish_low_her2_g3_68,NCI-H2170,train,49,10-49
ncih2170_post_facs_fish_low_her2_g3_79,NCI-H2170,train,209,150-299
ncih2170_post_facs_fish_low_her2_g3_82,NCI-H2170,train,75,50-149
ncih716_jc_alo_8nm_24h_12,NCI-H716,train,191,150-299
ncih716_jc_alo_8nm_24h_17,NCI-H716,train,231,150-299
ncih716_jc_alo_8nm_24h_5,NCI-H716,train,128,50-149
ncih716_jc_ctrl_1_10,NCI-H716,train,386,300+
ncih716_jc_ctrl_1_13,NCI-H716,train,211,150-299
ncih716_jc_ctrl_1_16,NCI-H716,train,182,150-299
ncih716_jc_ctrl_1_2,NCI-H716,train,131,50-149
ncih716_jc_ctrl_1_21,NCI-H716,train,195,150-299
ncih716_jc_ctrl_1_24,NCI-H716,train,350,300+
ncih716_jc_ctrl_1_27,NCI-H716,train,281,150-299
ncih716_jc_ctrl_1_3,NCI-H716,train,127,50-149
ncih716_jc_ctrl_1_42,NCI-H716,train,178,150-299
ncih716_jc_ctrl_1_43,NCI-H716,train,194,150-299
ncih716_jc_ctrl_1_48,NCI-H716,train,163,150-299
ncih716_jc_ctrl_1_5,NCI-H716,train,179,150-299
ncih716_jc_ctrl_1_54,NCI-H716,train,134,50-149
ncih716_jc_ctrl_1_55,NCI-H716,train,76,50-149
ncih716_jc_ctrl_1_56,NCI-H716,train,239,150-299
ncih716_jc_ctrl_1_57,NCI-H716,train,137,50-149
ncih716_jc_ctrl_1_59,NCI-H716,train,211,150-299
ncih716_jc_ctrl_1_62,NCI-H716,train,172,150-299
ncih716_jc_ctrl_1_74,NCI-H716,train,369,300+
ncih716_jc_ctrl_1_76,NCI-H716,train,172,150-299
ncih716_jc_ctrl_2_10,NCI-H716,train,116,50-149
ncih716_jc_ctrl_2_16,NCI-H716,train,213,150-299
ncih716_jc_ctrl_2_18,NCI-H716,train,131,50-149
ncih716_jc_ctrl_2_22,NCI-H716,train,135,50-149
ncih716_jc_ctrl_2_23,NCI-H716,train,129,50-149
ncih716_jc_ctrl_2_27,NCI-H716,train,291,150-299
ncih716_jc_ctrl_2_28,NCI-H716,train,223,150-299
ncih716_jc_ctrl_2_32,NCI-H716,train,132,50-149
ncih716_jc_ctrl_2_33,NCI-H716,train,176,150-299
ncih716_jc_ctrl_2_36,NCI-H716,train,262,150-299
ncih716_jc_ctrl_2_37,NCI-H716,train,468,300+
ncih716_jc_ctrl_2_39,NCI-H716,train,273,150-299
ncih716_jc_ctrl_2_40,NCI-H716,train,89,50-149
ncih716_jc_ctrl_2_41,NCI-H716,train,132,50-149
ncih716_jc_ctrl_2_43,NCI-H716,train,144,50-149
ncih716_jc_ctrl_2_45,NCI-H716,train,179,150-299
ncih716_jc_ctrl_2_46,NCI-H716,train,72,50-149
ncih716_jc_ctrl_2_47,NCI-H716,train,135,50-149
ncih716_jc_ctrl_2_48,NCI-H716,train,322,300+
ncih716_jc_ctrl_2_5,NCI-H716,train,368,300+
ncih716_jc_ctrl_2_50,NCI-H716,train,177,150-299
ncih716_jc_ctrl_2_51,NCI-H716,train,181,150-299
ncih716_jc_ctrl_2_54,NCI-H716,train,274,150-299
ncih716_jc_ctrl_2_55,NCI-H716,train,120,50-149
ncih716_jc_ctrl_2_56,NCI-H716,train,349,300+
ncih716_jc_ctrl_2_9,NCI-H716,train,210,150-299
snu16_jc_arv771_800picom_24h_4,SNU16,train,124,50-149
snu16_jc_ctrl_10,SNU16,train,376,300+
snu16_jc_ctrl_102,SNU16,train,271,150-299
snu16_jc_ctrl_103,SNU16,train,206,150-299
snu16_jc_ctrl_107,SNU16,train,370,300+
snu16_jc_ctrl_108,SNU16,train,635,300+
snu16_jc_ctrl_112,SNU16,train,1231,300+
snu16_jc_ctrl_120,SNU16,train,244,150-299
snu16_jc_ctrl_122,SNU16,train,209,150-299
snu16_jc_ctrl_126,SNU16,train,181,150-299
snu16_jc_ctrl_127,SNU16,train,372,300+
snu16_jc_ctrl_129,SNU16,train,224,150-299
snu16_jc_ctrl_131,SNU16,train,225,150-299
snu16_jc_ctrl_132,SNU16,train,311,300+
snu16_jc_ctrl_136,SNU16,train,317,300+
snu16_jc_ctrl_144,SNU16,train,123,50-149
snu16_jc_ctrl_147,SNU16,train,268,150-299
snu16_jc_ctrl_15,SNU16,train,471,300+
snu16_jc_ctrl_20,SNU16,train,990,300+
snu16_jc_ctrl_23,SNU16,train,223,150-299
snu16_jc_ctrl_24,SNU16,train,251,150-299
snu16_jc_ctrl_25,SNU16,train,341,300+
snu16_jc_ctrl_26,SNU16,train,170,150-299
snu16_jc_ctrl_30,SNU16,train,214,150-299
snu16_jc_ctrl_32,SNU16,train,265,150-299
snu16_jc_ctrl_37,SNU16,train,320,300+
snu16_jc_ctrl_38,SNU16,train,178,150-299
snu16_jc_ctrl_39,SNU16,train,271,150-299
snu16_jc_ctrl_42,SNU16,train,90,50-149
snu16_jc_ctrl_43,SNU16,train,105,50-149
snu16_jc_ctrl_47,SNU16,train,392,300+
snu16_jc_ctrl_48,SNU16,train,321,300+
snu16_jc_ctrl_52,SNU16,train,207,150-299
snu16_jc_ctrl_53,SNU16,train,637,300+
snu16_jc_ctrl_54,SNU16,train,151,150-299
snu16_jc_ctrl_55,SNU16,train,241,150-299
snu16_jc_ctrl_56,SNU16,train,256,150-299
snu16_jc_ctrl_57,SNU16,train,222,150-299
snu16_jc_ctrl_59,SNU16,train,297,150-299
snu16_jc_ctrl_61,SNU16,train,144,50-149
snu16_jc_ctrl_63,SNU16,train,190,150-299
snu16_jc_ctrl_65,SNU16,train,413,300+
snu16_jc_ctrl_67,SNU16,train,267,150-299
snu16_jc_ctrl_76,SNU16,train,148,50-149
snu16_jc_ctrl_78,SNU16,train,144,50-149
snu16_jc_ctrl_79,SNU16,train,289,150-299
snu16_jc_ctrl_84,SNU16,train,212,150-299
snu16_jc_ctrl_86,SNU16,train,227,150-299
snu16_jc_ctrl_87,SNU16,train,241,150-299
snu16_jc_ctrl_89,SNU16,train,303,300+
snu16_jc_ctrl_95,SNU16,train,664,300+
snu16_jc_ctrl_98,SNU16,train,459,300+
snu16_jc_jq1_ic50_24h_10,SNU16,train,228,150-299
snu16_jc_jq1_ic50_24h_100,SNU16,train,97,50-149
snu16_jc_jq1_ic50_24h_104,SNU16,train,481,300+
snu16_jc_jq1_ic50_24h_109,SNU16,train,261,150-299
snu16_jc_jq1_ic50_24h_115,SNU16,train,230,150-299
snu16_jc_jq1_ic50_24h_117,SNU16,train,118,50-149
snu16_jc_jq1_ic50_24h_128,SNU16,train,77,50-149
snu16_jc_jq1_ic50_24h_2,SNU16,train,110,50-149
snu16_jc_jq1_ic50_24h_21,SNU16,train,172,150-299
snu16_jc_jq1_ic50_24h_26,SNU16,train,301,300+
snu16_jc_jq1_ic50_24h_28,SNU16,train,433,300+
snu16_jc_jq1_ic50_24h_29,SNU16,train,286,150-299
snu16_jc_jq1_ic50_24h_33_a,SNU16,train,527,300+
snu16_jc_jq1_ic50_24h_45,SNU16,train,374,300+
snu16_jc_jq1_ic50_24h_5,SNU16,train,434,300+
snu16_jc_jq1_ic50_24h_52,SNU16,train,279,150-299
snu16_jc_jq1_ic50_24h_57,SNU16,train,101,50-149
snu16_jc_jq1_ic50_24h_6,SNU16,train,313,300+
snu16_jc_jq1_ic50_24h_61_a,SNU16,train,112,50-149
snu16_jc_jq1_ic50_24h_68,SNU16,train,313,300+
snu16_jc_jq1_ic50_24h_69,SNU16,train,444,300+
snu16_jc_jq1_ic50_24h_70,SNU16,train,242,150-299
snu16_jc_jq1_ic50_24h_72,SNU16,train,368,300+
snu16_jc_jq1_ic50_24h_75,SNU16,train,394,300+
snu16_jc_jq1_ic50_24h_76,SNU16,train,101,50-149
snu16_jc_jq1_ic50_24h_8,SNU16,train,663,300+
snu16_jc_jq1_ic50_24h_81,SNU16,train,142,50-149
snu16_jc_jq1_ic50_24h_87,SNU16,train,225,150-299
snu16_jc_jq1_ic50_24h_88,SNU16,train,57,50-149
snu16_jc_jq1_ic50_24h_89,SNU16,train,203,150-299
snu16_jc_jq1_ic50_24h_90,SNU16,train,141,50-149
snu16_jc_jq1_ic50_24h_91,SNU16,train,111,50-149
snu16_jc_jq1_ic50_24h_94,SNU16,train,141,50-149
snu16_jc_jq1_ic50_24h_97,SNU16,train,157,150-299
colo320dm_qpcr_jq1_24h_ctrl_105,COLO320DM,val,59,50-149
colo320dm_qpcr_jq1_24h_ctrl_109,COLO320DM,val,71,50-149
colo320dm_qpcr_jq1_24h_ctrl_17,COLO320DM,val,13,10-49
colo320dm_qpcr_jq1_24h_ctrl_21,COLO320DM,val,40,10-49
colo320dm_qpcr_jq1_24h_ctrl_27,COLO320DM,val,18,10-49
colo320dm_qpcr_jq1_24h_ctrl_31,COLO320DM,val,143,50-149
colo320dm_qpcr_jq1_24h_ctrl_35,COLO320DM,val,57,50-149
colo320dm_qpcr_jq1_24h_ctrl_99,COLO320DM,val,74,50-149
colo320dm_qpcr_jq1_24h_dmso_88,COLO320DM,val,4,0-9
ncih2170_antibiotics_blank_ctrl_101,NCI-H2170,val,266,150-299
ncih2170_antibiotics_blank_ctrl_103,NCI-H2170,val,228,150-299
ncih2170_antibiotics_blank_ctrl_11,NCI-H2170,val,181,150-299
ncih2170_antibiotics_blank_ctrl_115,NCI-H2170,val,125,50-149
ncih2170_antibiotics_blank_ctrl_18,NCI-H2170,val,157,150-299
ncih2170_antibiotics_blank_ctrl_23,NCI-H2170,val,281,150-299
ncih2170_antibiotics_blank_ctrl_34,NCI-H2170,val,91,50-149
ncih2170_antibiotics_blank_ctrl_51,NCI-H2170,val,159,150-299
ncih2170_antibiotics_blank_ctrl_52,NCI-H2170,val,324,300+
ncih2170_antibiotics_blank_ctrl_6,NCI-H2170,val,402,300+
ncih2170_antibiotics_blank_ctrl_63,NCI-H2170,val,763,300+
ncih2170_antibiotics_blank_ctrl_84,NCI-H2170,val,281,150-299
ncih2170_antibiotics_blank_ctrl_88_a,NCI-H2170,val,343,300+
ncih2170_antibiotics_blank_ctrl_89,NCI-H2170,val,94,50-149
ncih2170_antibiotics_ps_104,NCI-H2170,val,158,150-299
ncih2170_antibiotics_ps_113_a,NCI-H2170,val,121,50-149
ncih2170_antibiotics_ps_12,NCI-H2170,val,129,50-149
ncih2170_antibiotics_ps_29_b,NCI-H2170,val,52,50-149
ncih2170_antibiotics_ps_3,NCI-H2170,val,157,150-299
ncih2170_antibiotics_ps_34_c,NCI-H2170,val,153,150-299
ncih2170_antibiotics_ps_55,NCI-H2170,val,212,150-299
ncih2170_antibiotics_ps_64,NCI-H2170,val,281,150-299
ncih2170_antibiotics_ps_68,NCI-H2170,val,210,150-299
ncih2170_antibiotics_ps_70,NCI-H2170,val,148,50-149
ncih2170_antibiotics_ps_72,NCI-H2170,val,139,50-149
ncih2170_antibiotics_ps_92,NCI-H2170,val,203,150-299
ncih2170_antibiotics_ps_g_104,NCI-H2170,val,92,50-149
ncih2170_antibiotics_ps_g_105,NCI-H2170,val,151,150-299
ncih2170_antibiotics_ps_g_113,NCI-H2170,val,79,50-149
ncih2170_antibiotics_ps_g_38,NCI-H2170,val,223,150-299
ncih2170_antibiotics_ps_g_39,NCI-H2170,val,58,50-149
ncih2170_antibiotics_ps_g_45,NCI-H2170,val,94,50-149
ncih2170_antibiotics_ps_g_51,NCI-H2170,val,86,50-149
ncih2170_antibiotics_ps_g_63,NCI-H2170,val,78,50-149
ncih2170_antibiotics_ps_g_86,NCI-H2170,val,85,50-149
ncih2170_antibiotics_ps_g_89,NCI-H2170,val,103,50-149
ncih2170_antibiotics_ps_g_99,NCI-H2170,val,867,300+
ncih2170_cart_72h_blank_ctrl_5,NCI-H2170,val,94,50-149
ncih2170_cart_72h_blank_ctrl_53,NCI-H2170,val,56,50-149
ncih2170_cart_72h_blank_ctrl_67,NCI-H2170,val,103,50-149
ncih2170_cart_72h_blank_ctrl_88,NCI-H2170,val,35,10-49
ncih2170_cart_72h_blank_ctrl_95,NCI-H2170,val,17,10-49
ncih2170_cart_72h_cart_21,NCI-H2170,val,71,50-149
ncih2170_cart_72h_cart_38,NCI-H2170,val,46,10-49
ncih2170_cart_72h_cart_61,NCI-H2170,val,9,0-9
ncih2170_cart_72h_cart_77,NCI-H2170,val,75,50-149
ncih2170_cart_72h_cart_81,NCI-H2170,val,58,50-149
ncih2170_cart_72h_nt_ctrl_17,NCI-H2170,val,188,150-299
ncih2170_cart_72h_nt_ctrl_18,NCI-H2170,val,102,50-149
ncih2170_cart_72h_nt_ctrl_19,NCI-H2170,val,33,10-49
ncih2170_cart_72h_nt_ctrl_32,NCI-H2170,val,201,150-299
ncih2170_cart_72h_nt_ctrl_37,NCI-H2170,val,107,50-149
ncih2170_cart_72h_nt_ctrl_59,NCI-H2170,val,160,150-299
ncih2170_cart_72h_nt_ctrl_62,NCI-H2170,val,168,150-299
ncih2170_cart_72h_nt_ctrl_63,NCI-H2170,val,160,150-299
ncih2170_cart_72h_nt_ctrl_92,NCI-H2170,val,147,50-149
ncih2170_cart_72h_nt_ctrl_93,NCI-H2170,val,451,300+
ncih2170_ctrl_1_45,NCI-H2170,val,141,50-149
ncih2170_ctrl_1_60,NCI-H2170,val,567,300+
ncih2170_ctrl_1_70,NCI-H2170,val,115,50-149
ncih2170_ctrl_2_110,NCI-H2170,val,526,300+
ncih2170_ctrl_2_123,NCI-H2170,val,430,300+
ncih2170_ctrl_2_126,NCI-H2170,val,196,150-299
ncih2170_ctrl_2_133,NCI-H2170,val,557,300+
ncih2170_ctrl_2_143,NCI-H2170,val,191,150-299
ncih2170_ctrl_2_27,NCI-H2170,val,520,300+
ncih2170_ctrl_2_31,NCI-H2170,val,89,50-149
ncih2170_facs_fish_0223_high_her2_19,NCI-H2170,val,96,50-149
ncih2170_facs_fish_0223_high_her2_20,NCI-H2170,val,87,50-149
ncih2170_facs_fish_0223_low_her2_12,NCI-H2170,val,77,50-149
ncih2170_facs_fish_0423_low_her2_115,NCI-H2170,val,152,150-299
ncih2170_facs_fish_0423_low_her2_14,NCI-H2170,val,70,50-149
ncih2170_facs_fish_0423_low_her2_21,NCI-H2170,val,48,10-49
ncih2170_facs_fish_0423_low_her2_49,NCI-H2170,val,141,50-149
ncih2170_facs_fish_0423_low_her2_64,NCI-H2170,val,113,50-149
ncih2170_facs_fish_0423_low_her2_65,NCI-H2170,val,89,50-149
ncih2170_facs_fish_0423_low_her2_83,NCI-H2170,val,51,50-149
ncih2170_facs_fish_0723_high_her2_1,NCI-H2170,val,368,300+
ncih2170_facs_fish_0723_high_her2_11,NCI-H2170,val,835,300+
ncih2170_facs_fish_0723_high_her2_125,NCI-H2170,val,442,300+
ncih2170_facs_fish_0723_high_her2_17,NCI-H2170,val,473,300+
ncih2170_facs_fish_0723_high_her2_33,NCI-H2170,val,352,300+
ncih2170_facs_fish_0723_high_her2_37,NCI-H2170,val,150,150-299
ncih2170_facs_fish_0723_high_her2_71,NCI-H2170,val,378,300+
ncih2170_facs_fish_0723_low_her2_101,NCI-H2170,val,91,50-149
ncih2170_facs_fish_0723_low_her2_11,NCI-H2170,val,183,150-299
ncih2170_facs_fish_0723_low_her2_116,NCI-H2170,val,105,50-149
ncih2170_facs_fish_0723_low_her2_117,NCI-H2170,val,237,150-299
ncih2170_facs_fish_0723_low_her2_12,NCI-H2170,val,104,50-149
ncih2170_facs_fish_0723_low_her2_27,NCI-H2170,val,47,10-49
ncih2170_facs_fish_0723_low_her2_28,NCI-H2170,val,81,50-149
ncih2170_facs_fish_0723_low_her2_45,NCI-H2170,val,156,150-299
ncih2170_facs_fish_0723_low_her2_77,NCI-H2170,val,48,10-49
ncih2170_facs_fish_0723_low_her2_86,NCI-H2170,val,110,50-149
ncih2170_facs_fish_0723_low_her2_90,NCI-H2170,val,106,50-149
ncih2170_facs_fish_0723_pre_sort_ctrl_15,NCI-H2170,val,201,150-299
ncih2170_facs_fish_0723_pre_sort_ctrl_31,NCI-H2170,val,145,50-149
ncih2170_facs_fish_0723_pre_sort_ctrl_6,NCI-H2170,val,192,150-299
ncih2170_facs_fish_0723_pre_sort_ctrl_7,NCI-H2170,val,81,50-149
ncih2170_facs_fish_0723_sorted_ctrl_100,NCI-H2170,val,143,50-149
ncih2170_facs_fish_0723_sorted_ctrl_51,NCI-H2170,val,302,300+
ncih2170_facs_fish_0723_sorted_ctrl_58,NCI-H2170,val,24,10-49
ncih2170_facs_fish_0723_sorted_ctrl_63,NCI-H2170,val,214,150-299
ncih2170_facs_fish_0723_sorted_ctrl_80,NCI-H2170,val,296,150-299
ncih2170_facs_fish_0723_sorted_ctrl_91,NCI-H2170,val,213,150-299
ncih2170_facs_fish_0723_sorted_ctrl_96,NCI-H2170,val,220,150-299
ncih2170_jc_jq1_ic50_24h_108,NCI-H2170,val,211,150-299
ncih2170_jc_jq1_ic50_24h_17,NCI-H2170,val,35,10-49
ncih2170_jc_jq1_ic50_24h_23,NCI-H2170,val,110,50-149
ncih2170_jc_jq1_ic50_24h_36,NCI-H2170,val,273,150-299
ncih2170_jc_jq1_ic50_24h_90,NCI-H2170,val,134,50-149
ncih2170_jc_lap_ic50_24h_13,NCI-H2170,val,192,150-299
ncih2170_jc_lap_ic50_24h_16,NCI-H2170,val,92,50-149
ncih2170_jc_lap_ic50_24h_2,NCI-H2170,val,110,50-149
ncih2170_jc_lap_ic50_24h_22,NCI-H2170,val,177,150-299
ncih2170_jc_lap_ic50_24h_3,NCI-H2170,val,108,50-149
ncih2170_jc_lap_ic50_24h_34,NCI-H2170,val,123,50-149
ncih2170_jc_lap_ic50_24h_37,NCI-H2170,val,147,50-149
ncih2170_jc_lap_ic50_24h_40,NCI-H2170,val,173,150-299
ncih2170_jc_lap_ic50_24h_64,NCI-H2170,val,195,150-299
ncih2170_jc_lap_ic50_24h_66,NCI-H2170,val,102,50-149
ncih2170_jc_lap_ic50_24h_67,NCI-H2170,val,303,300+
ncih2170_jc_lap_ic50_24h_7,NCI-H2170,val,152,150-299
ncih2170_jc_lap_ic50_24h_71,NCI-H2170,val,236,150-299
ncih2170_jc_lap_ic50_24h_82,NCI-H2170,val,233,150-299
ncih2170_jc_lap_ic50_24h_91,NCI-H2170,val,123,50-149
ncih2170_jc_ner_ic50_24h_2,NCI-H2170,val,314,300+
ncih2170_jc_ner_ic50_72h_32,NCI-H2170,val,158,150-299
ncih2170_jc_ner_ic50_72h_63,NCI-H2170,val,148,50-149
ncih2170_post_facs_fish_high_her2_g3_54,NCI-H2170,val,359,300+
ncih2170_post_facs_fish_low_her2_g3_53,NCI-H2170,val,61,50-149
ncih2170_post_facs_fish_low_her2_g3_55,NCI-H2170,val,54,50-149
ncih2170_post_facs_fish_low_her2_g3_87,NCI-H2170,val,52,50-149
ncih716_jc_alo_8nm_24h_16,NCI-H716,val,152,150-299
ncih716_jc_ctrl_1_19,NCI-H716,val,207,150-299
ncih716_jc_ctrl_1_44_a,NCI-H716,val,132,50-149
ncih716_jc_ctrl_1_46,NCI-H716,val,144,50-149
ncih716_jc_ctrl_1_64,NCI-H716,val,148,50-149
ncih716_jc_ctrl_1_68,NCI-H716,val,202,150-299
ncih716_jc_ctrl_2_12,NCI-H716,val,166,150-299
ncih716_jc_ctrl_2_24,NCI-H716,val,166,150-299
ncih716_jc_ctrl_2_29,NCI-H716,val,214,150-299
ncih716_jc_ctrl_2_49,NCI-H716,val,169,150-299
snu16_jc_ctrl_119,SNU16,val,415,300+
snu16_jc_ctrl_13,SNU16,val,380,300+
snu16_jc_ctrl_135,SNU16,val,366,300+
snu16_jc_ctrl_139,SNU16,val,254,150-299
snu16_jc_ctrl_60,SNU16,val,97,50-149
snu16_jc_ctrl_74,SNU16,val,222,150-299
snu16_jc_ctrl_8,SNU16,val,232,150-299
snu16_jc_ctrl_9,SNU16,val,161,150-299
snu16_jc_ctrl_92,SNU16,val,382,300+
snu16_jc_jq1_ic50_24h_118,SNU16,val,221,150-299
snu16_jc_jq1_ic50_24h_16,SNU16,val,705,300+
snu16_jc_jq1_ic50_24h_44,SNU16,val,426,300+
snu16_jc_jq1_ic50_24h_54,SNU16,val,274,150-299
snu16_jc_jq1_ic50_24h_55,SNU16,val,189,150-299
snu16_jc_jq1_ic50_24h_66,SNU16,val,238,150-299
snu16_jc_jq1_ic50_24h_9,SNU16,val,239,150-299
snu16_jc_jq1_ic50_24h_96,SNU16,val,174,150-299
snu16_jc_jq1_ic50_24h_98,SNU16,val,237,150-299
colo320dm_qpcr_jq1_24h_ctrl_114,COLO320DM,test,107,50-149
colo320dm_qpcr_jq1_24h_ctrl_23,COLO320DM,test,57,50-149
colo320dm_qpcr_jq1_24h_ctrl_33,COLO320DM,test,24,10-49
colo320dm_qpcr_jq1_24h_ctrl_39,COLO320DM,test,41,10-49
colo320dm_qpcr_jq1_24h_ctrl_47,COLO320DM,test,22,10-49
colo320dm_qpcr_jq1_24h_ctrl_48,COLO320DM,test,32,10-49
colo320dm_qpcr_jq1_24h_ctrl_67,COLO320DM,test,91,50-149
colo320dm_qpcr_jq1_24h_ctrl_69,COLO320DM,test,54,50-149
colo320dm_qpcr_jq1_24h_ctrl_87_a,COLO320DM,test,31,10-49
colo320dm_qpcr_jq1_24h_ctrl_96,COLO320DM,test,49,10-49
colo320dm_qpcr_jq1_24h_dmso_111,COLO320DM,test,4,0-9
ncih2170_antibiotics_blank_ctrl_100,NCI-H2170,test,102,50-149
ncih2170_antibiotics_blank_ctrl_104,NCI-H2170,test,316,300+
ncih2170_antibiotics_blank_ctrl_105,NCI-H2170,test,175,150-299
ncih2170_antibiotics_blank_ctrl_107,NCI-H2170,test,559,300+
ncih2170_antibiotics_blank_ctrl_109,NCI-H2170,test,182,150-299
ncih2170_antibiotics_blank_ctrl_110,NCI-H2170,test,411,300+
ncih2170_antibiotics_blank_ctrl_113,NCI-H2170,test,341,300+
ncih2170_antibiotics_blank_ctrl_35,NCI-H2170,test,84,50-149
ncih2170_antibiotics_blank_ctrl_37,NCI-H2170,test,539,300+
ncih2170_antibiotics_blank_ctrl_40,NCI-H2170,test,248,150-299
ncih2170_antibiotics_blank_ctrl_43,NCI-H2170,test,239,150-299
ncih2170_antibiotics_blank_ctrl_47,NCI-H2170,test,296,150-299
ncih2170_antibiotics_blank_ctrl_53,NCI-H2170,test,302,300+
ncih2170_antibiotics_blank_ctrl_70,NCI-H2170,test,446,300+
ncih2170_antibiotics_blank_ctrl_71,NCI-H2170,test,330,300+
ncih2170_antibiotics_blank_ctrl_78,NCI-H2170,test,300,300+
ncih2170_antibiotics_ps_102_b,NCI-H2170,test,252,150-299
ncih2170_antibiotics_ps_105,NCI-H2170,test,237,150-299
ncih2170_antibiotics_ps_107_a,NCI-H2170,test,246,150-299
ncih2170_antibiotics_ps_112,NCI-H2170,test,79,50-149
ncih2170_antibiotics_ps_25,NCI-H2170,test,284,150-299
ncih2170_antibiotics_ps_32,NCI-H2170,test,67,50-149
ncih2170_antibiotics_ps_36,NCI-H2170,test,142,50-149
ncih2170_antibiotics_ps_4,NCI-H2170,test,148,50-149
ncih2170_antibiotics_ps_56_a,NCI-H2170,test,233,150-299
ncih2170_antibiotics_ps_78,NCI-H2170,test,164,150-299
ncih2170_antibiotics_ps_84,NCI-H2170,test,124,50-149
ncih2170_antibiotics_ps_90,NCI-H2170,test,159,150-299
ncih2170_antibiotics_ps_99,NCI-H2170,test,83,50-149
ncih2170_antibiotics_ps_g_102,NCI-H2170,test,217,150-299
ncih2170_antibiotics_ps_g_107_a,NCI-H2170,test,103,50-149
ncih2170_antibiotics_ps_g_114,NCI-H2170,test,202,150-299
ncih2170_antibiotics_ps_g_115,NCI-H2170,test,296,150-299
ncih2170_antibiotics_ps_g_36,NCI-H2170,test,912,300+
ncih2170_antibiotics_ps_g_42,NCI-H2170,test,245,150-299
ncih2170_antibiotics_ps_g_44_a,NCI-H2170,test,52,50-149
ncih2170_antibiotics_ps_g_54,NCI-H2170,test,182,150-299
ncih2170_antibiotics_ps_g_56,NCI-H2170,test,174,150-299
ncih2170_antibiotics_ps_g_64,NCI-H2170,test,340,300+
ncih2170_antibiotics_ps_g_65,NCI-H2170,test,192,150-299
ncih2170_antibiotics_ps_g_67,NCI-H2170,test,90,50-149
ncih2170_antibiotics_ps_g_68,NCI-H2170,test,78,50-149
ncih2170_antibiotics_ps_g_69,NCI-H2170,test,46,10-49
ncih2170_antibiotics_ps_g_72,NCI-H2170,test,138,50-149
ncih2170_antibiotics_ps_g_76,NCI-H2170,test,90,50-149
ncih2170_antibiotics_ps_g_96,NCI-H2170,test,521,300+
ncih2170_cart_72h_blank_ctrl_30,NCI-H2170,test,406,300+
ncih2170_cart_72h_blank_ctrl_31,NCI-H2170,test,103,50-149
ncih2170_cart_72h_blank_ctrl_33,NCI-H2170,test,80,50-149
ncih2170_cart_72h_blank_ctrl_51,NCI-H2170,test,48,10-49
ncih2170_cart_72h_blank_ctrl_52,NCI-H2170,test,246,150-299
ncih2170_cart_72h_blank_ctrl_59,NCI-H2170,test,55,50-149
ncih2170_cart_72h_blank_ctrl_62,NCI-H2170,test,184,150-299
ncih2170_cart_72h_blank_ctrl_99,NCI-H2170,test,51,50-149
ncih2170_cart_72h_cart_36,NCI-H2170,test,71,50-149
ncih2170_cart_72h_cart_55,NCI-H2170,test,61,50-149
ncih2170_cart_72h_cart_62,NCI-H2170,test,93,50-149
ncih2170_cart_72h_cart_63,NCI-H2170,test,85,50-149
ncih2170_cart_72h_cart_69,NCI-H2170,test,52,50-149
ncih2170_cart_72h_nt_ctrl_20,NCI-H2170,test,126,50-149
ncih2170_cart_72h_nt_ctrl_46,NCI-H2170,test,242,150-299
ncih2170_cart_72h_nt_ctrl_49,NCI-H2170,test,65,50-149
ncih2170_cart_72h_nt_ctrl_57,NCI-H2170,test,119,50-149
ncih2170_cart_72h_nt_ctrl_61,NCI-H2170,test,223,150-299
ncih2170_cart_72h_nt_ctrl_69,NCI-H2170,test,110,50-149
ncih2170_cart_72h_nt_ctrl_71,NCI-H2170,test,126,50-149
ncih2170_cart_72h_nt_ctrl_80,NCI-H2170,test,400,300+
ncih2170_cart_72h_nt_ctrl_83,NCI-H2170,test,169,150-299
ncih2170_ctrl_1_30,NCI-H2170,test,229,150-299
ncih2170_ctrl_1_54,NCI-H2170,test,235,150-299
ncih2170_ctrl_1_58,NCI-H2170,test,179,150-299
ncih2170_ctrl_1_61,NCI-H2170,test,251,150-299
ncih2170_ctrl_1_62,NCI-H2170,test,478,300+
ncih2170_ctrl_1_88,NCI-H2170,test,341,300+
ncih2170_ctrl_1_90,NCI-H2170,test,87,50-149
ncih2170_ctrl_1_94,NCI-H2170,test,299,150-299
ncih2170_ctrl_2_105,NCI-H2170,test,184,150-299
ncih2170_ctrl_2_132,NCI-H2170,test,274,150-299
ncih2170_ctrl_2_139,NCI-H2170,test,246,150-299
ncih2170_ctrl_2_24,NCI-H2170,test,642,300+
ncih2170_ctrl_2_96,NCI-H2170,test,96,50-149
ncih2170_facs_fish_0223_high_her2_13,NCI-H2170,test,375,300+
ncih2170_facs_fish_0223_high_her2_7,NCI-H2170,test,62,50-149
ncih2170_facs_fish_0223_low_her2_19,NCI-H2170,test,40,10-49
ncih2170_facs_fish_0223_low_her2_2,NCI-H2170,test,189,150-299
ncih2170_facs_fish_0223_low_her2_6,NCI-H2170,test,15,10-49
ncih2170_facs_fish_0423_high_her2_27,NCI-H2170,test,396,300+
ncih2170_facs_fish_0423_low_her2_10,NCI-H2170,test,191,150-299
ncih2170_facs_fish_0423_low_her2_11,NCI-H2170,test,44,10-49
ncih2170_facs_fish_0423_low_her2_28,NCI-H2170,test,174,150-299
ncih2170_facs_fish_0423_low_her2_43,NCI-H2170,test,139,50-149
ncih2170_facs_fish_0423_low_her2_56,NCI-H2170,test,101,50-149
ncih2170_facs_fish_0423_low_her2_8,NCI-H2170,test,87,50-149
ncih2170_facs_fish_0423_low_her2_87,NCI-H2170,test,67,50-149
ncih2170_facs_fish_0423_low_her2_91,NCI-H2170,test,79,50-149
ncih2170_facs_fish_0423_low_her2_94,NCI-H2170,test,132,50-149
ncih2170_facs_fish_0723_high_her2_108,NCI-H2170,test,186,150-299
ncih2170_facs_fish_0723_high_her2_110,NCI-H2170,test,358,300+
ncih2170_facs_fish_0723_high_her2_111,NCI-H2170,test,278,150-299
ncih2170_facs_fish_0723_high_her2_21,NCI-H2170,test,180,150-299
ncih2170_facs_fish_0723_high_her2_80,NCI-H2170,test,403,300+
ncih2170_facs_fish_0723_low_her2_1,NCI-H2170,test,36,10-49
ncih2170_facs_fish_0723_low_her2_115,NCI-H2170,test,63,50-149
ncih2170_facs_fish_0723_low_her2_22,NCI-H2170,test,308,300+
ncih2170_facs_fish_0723_low_her2_23,NCI-H2170,test,85,50-149
ncih2170_facs_fish_0723_low_her2_52,NCI-H2170,test,116,50-149
ncih2170_facs_fish_0723_low_her2_60,NCI-H2170,test,93,50-149
ncih2170_facs_fish_0723_pre_sort_ctrl_29,NCI-H2170,test,225,150-299
ncih2170_facs_fish_0723_sorted_ctrl_45,NCI-H2170,test,472,300+
ncih2170_facs_fish_0723_sorted_ctrl_46,NCI-H2170,test,178,150-299
ncih2170_facs_fish_0723_sorted_ctrl_49,NCI-H2170,test,365,300+
ncih2170_facs_fish_0723_sorted_ctrl_60,NCI-H2170,test,187,150-299
ncih2170_jc_jq1_ic50_24h_100,NCI-H2170,test,38,10-49
ncih2170_jc_jq1_ic50_24h_38,NCI-H2170,test,59,50-149
ncih2170_jc_jq1_ic50_24h_48,NCI-H2170,test,223,150-299
ncih2170_jc_jq1_ic50_24h_50,NCI-H2170,test,72,50-149
ncih2170_jc_jq1_ic50_24h_7,NCI-H2170,test,328,300+
ncih2170_jc_jq1_ic50_24h_84,NCI-H2170,test,64,50-149
ncih2170_jc_jq1_ic50_24h_86,NCI-H2170,test,193,150-299
ncih2170_jc_jq1_ic50_24h_98,NCI-H2170,test,97,50-149
ncih2170_jc_lap_ic50_24h_11,NCI-H2170,test,89,50-149
ncih2170_jc_lap_ic50_24h_12,NCI-H2170,test,445,300+
ncih2170_jc_lap_ic50_24h_15,NCI-H2170,test,84,50-149
ncih2170_jc_lap_ic50_24h_18,NCI-H2170,test,107,50-149
ncih2170_jc_lap_ic50_24h_35,NCI-H2170,test,135,50-149
ncih2170_jc_lap_ic50_24h_46,NCI-H2170,test,151,150-299
ncih2170_jc_lap_ic50_24h_47,NCI-H2170,test,175,150-299
ncih2170_jc_lap_ic50_24h_55,NCI-H2170,test,55,50-149
ncih2170_jc_lap_ic50_24h_65,NCI-H2170,test,318,300+
ncih2170_jc_ner_ic50_24h_1,NCI-H2170,test,61,50-149
ncih2170_jc_ner_ic50_24h_50,NCI-H2170,test,105,50-149
ncih2170_jc_ner_ic50_24h_54,NCI-H2170,test,86,50-149
ncih2170_post_facs_fish_high_her2_g3_28,NCI-H2170,test,89,50-149
ncih2170_post_facs_fish_low_her2_g3_1,NCI-H2170,test,170,150-299
ncih716_jc_alo_8nm_24h_11,NCI-H716,test,210,150-299
ncih716_jc_alo_8nm_24h_13,NCI-H716,test,163,150-299
ncih716_jc_ctrl_1_23,NCI-H716,test,185,150-299
ncih716_jc_ctrl_1_45,NCI-H716,test,101,50-149
ncih716_jc_ctrl_1_66,NCI-H716,test,236,150-299
ncih716_jc_ctrl_1_72,NCI-H716,test,150,150-299
ncih716_jc_ctrl_2_11,NCI-H716,test,139,50-149
ncih716_jc_ctrl_2_25,NCI-H716,test,171,150-299
ncih716_jc_ctrl_2_30,NCI-H716,test,71,50-149
ncih716_jc_ctrl_2_58,NCI-H716,test,166,150-299
ncih716_jc_ctrl_2_8,NCI-H716,test,110,50-149
snu16_jc_ctrl_114,SNU16,test,670,300+
snu16_jc_ctrl_124,SNU16,test,191,150-299
snu16_jc_ctrl_35,SNU16,test,324,300+
snu16_jc_ctrl_40,SNU16,test,270,150-299
snu16_jc_ctrl_45,SNU16,test,125,50-149
snu16_jc_ctrl_46,SNU16,test,309,300+
snu16_jc_ctrl_50,SNU16,test,158,150-299
snu16_jc_ctrl_69,SNU16,test,325,300+
snu16_jc_ctrl_70,SNU16,test,238,150-299
snu16_jc_ctrl_72,SNU16,test,166,150-299
snu16_jc_ctrl_83,SNU16,test,140,50-149
snu16_jc_ctrl_91,SNU16,test,422,300+
snu16_jc_jq1_ic50_24h_102,SNU16,test,177,150-299
snu16_jc_jq1_ic50_24h_120,SNU16,test,193,150-299
snu16_jc_jq1_ic50_24h_19,SNU16,test,271,150-299
snu16_jc_jq1_ic50_24h_40,SNU16,test,183,150-299
snu16_jc_jq1_ic50_24h_51,SNU16,test,499,300+
snu16_jc_jq1_ic50_24h_56,SNU16,test,150,150-299
snu16_jc_jq1_ic50_24h_67,SNU16,test,213,150-299
