unique_id,cell_line,split,ecDNA_gt,coord_count_npy,count_source
colo320dm_qpcr_jq1_24h_ctrl_100,COLO320DM,train,63,63,gt_mask_cc_conn8_min3
colo320dm_qpcr_jq1_24h_ctrl_101,COLO320DM,train,45,45,gt_mask_cc_conn8_min3
colo320dm_qpcr_jq1_24h_ctrl_103,COLO320DM,train,39,39,gt_mask_cc_conn8_min3
colo320dm_qpcr_jq1_24h_ctrl_110,COLO320DM,train,27,27,gt_mask_cc_conn8_min3
colo320dm_qpcr_jq1_24h_ctrl_111,COLO320DM,train,80,80,gt_mask_cc_conn8_min3
colo320dm_qpcr_jq1_24h_ctrl_112,COLO320DM,train,83,83,gt_mask_cc_conn8_min3
colo320dm_qpcr_jq1_24h_ctrl_12,COLO320DM,train,16,16,gt_mask_cc_conn8_min3
colo320dm_qpcr_jq1_24h_ctrl_18,COLO320DM,train,51,51,gt_mask_cc_conn8_min3
colo320dm_qpcr_jq1_24h_ctrl_22,COLO320DM,train,65,65,gt_mask_cc_conn8_min3
colo320dm_qpcr_jq1_24h_ctrl_25,COLO320DM,train,53,53,gt_mask_cc_conn8_min3
colo320dm_qpcr_jq1_24h_ctrl_26,COLO320DM,train,22,22,gt_mask_cc_conn8_min3
colo320dm_qpcr_jq1_24h_ctrl_28,COLO320DM,train,35,35,gt_mask_cc_conn8_min3
colo320dm_qpcr_jq1_24h_ctrl_3,COLO320DM,train,144,144,gt_mask_cc_conn8_min3
colo320dm_qpcr_jq1_24h_ctrl_36,COLO320DM,train,59,59,gt_mask_cc_conn8_min3
colo320dm_qpcr_jq1_24h_ctrl_37,COLO320DM,train,12,12,gt_mask_cc_conn8_min3
colo320dm_qpcr_jq1_24h_ctrl_38,COLO320DM,train,41,41,gt_mask_cc_conn8_min3
colo320dm_qpcr_jq1_24h_ctrl_4,COLO320DM,train,46,46,gt_mask_cc_conn8_min3
colo320dm_qpcr_jq1_24h_ctrl_41,COLO320DM,train,101,101,gt_mask_cc_conn8_min3
colo320dm_qpcr_jq1_24h_ctrl_43,COLO320DM,train,44,44,gt_mask_cc_conn8_min3
colo320dm_qpcr_jq1_24h_ctrl_49,COLO320DM,train,74,74,gt_mask_cc_conn8_min3
colo320dm_qpcr_jq1_24h_ctrl_50,COLO320DM,train,7,7,gt_mask_cc_conn8_min3
colo320dm_qpcr_jq1_24h_ctrl_55,COLO320DM,train,34,34,gt_mask_cc_conn8_min3
colo320dm_qpcr_jq1_24h_ctrl_58,COLO320DM,train,15,15,gt_mask_cc_conn8_min3
colo320dm_qpcr_jq1_24h_ctrl_65,COLO320DM,train,30,30,gt_mask_cc_conn8_min3
colo320dm_qpcr_jq1_24h_ctrl_66_a,COLO320DM,train,61,61,gt_mask_cc_conn8_min3
colo320dm_qpcr_jq1_24h_ctrl_72,COLO320DM,train,37,37,gt_mask_cc_conn8_min3
colo320dm_qpcr_jq1_24h_ctrl_75,COLO320DM,train,47,47,gt_mask_cc_conn8_min3
colo320dm_qpcr_jq1_24h_ctrl_78_a,COLO320DM,train,26,26,gt_mask_cc_conn8_min3
colo320dm_qpcr_jq1_24h_ctrl_78_b,COLO320DM,train,52,53,gt_mask_cc_conn8_min3
colo320dm_qpcr_jq1_24h_ctrl_79,COLO320DM,train,10,10,gt_mask_cc_conn8_min3
colo320dm_qpcr_jq1_24h_ctrl_8,COLO320DM,train,36,36,gt_mask_cc_conn8_min3
colo320dm_qpcr_jq1_24h_ctrl_81,COLO320DM,train,59,59,gt_mask_cc_conn8_min3
colo320dm_qpcr_jq1_24h_ctrl_82,COLO320DM,train,30,30,gt_mask_cc_conn8_min3
colo320dm_qpcr_jq1_24h_ctrl_87_b,COLO320DM,train,45,45,gt_mask_cc_conn8_min3
colo320dm_qpcr_jq1_24h_ctrl_88,COLO320DM,train,53,53,gt_mask_cc_conn8_min3
colo320dm_qpcr_jq1_24h_ctrl_89,COLO320DM,train,15,15,gt_mask_cc_conn8_min3
colo320dm_qpcr_jq1_24h_ctrl_9,COLO320DM,train,23,23,gt_mask_cc_conn8_min3
colo320dm_qpcr_jq1_24h_ctrl_90,COLO320DM,train,89,89,gt_mask_cc_conn8_min3
colo320dm_qpcr_jq1_24h_ctrl_92,COLO320DM,train,55,55,gt_mask_cc_conn8_min3
colo320dm_qpcr_jq1_24h_ctrl_95,COLO320DM,train,32,32,gt_mask_cc_conn8_min3
colo320dm_qpcr_jq1_24h_ctrl_97,COLO320DM,train,87,87,gt_mask_cc_conn8_min3
colo320dm_qpcr_jq1_24h_dmso_104,COLO320DM,train,4,4,gt_mask_cc_conn8_min3
colo320dm_qpcr_jq1_24h_dmso_49,COLO320DM,train,1,1,gt_mask_cc_conn8_min3
colo320dm_qpcr_jq1_24h_dmso_6,COLO320DM,train,4,4,gt_mask_cc_conn8_min3
ncih2170_antibiotics_blank_ctrl_1,NCI-H2170,train,235,235,gt_mask_cc_conn8_min3
ncih2170_antibiotics_blank_ctrl_102,NCI-H2170,train,402,407,gt_mask_cc_conn8_min3
ncih2170_antibiotics_blank_ctrl_106,NCI-H2170,train,101,102,gt_mask_cc_conn8_min3
ncih2170_antibiotics_blank_ctrl_111,NCI-H2170,train,108,108,gt_mask_cc_conn8_min3
ncih2170_antibiotics_blank_ctrl_114,NCI-H2170,train,154,154,gt_mask_cc_conn8_min3
ncih2170_antibiotics_blank_ctrl_116,NCI-H2170,train,282,297,gt_mask_cc_conn8_min3
ncih2170_antibiotics_blank_ctrl_117,NCI-H2170,train,307,310,gt_mask_cc_conn8_min3
ncih2170_antibiotics_blank_ctrl_118,NCI-H2170,train,453,453,gt_mask_cc_conn8_min3
ncih2170_antibiotics_blank_ctrl_12,NCI-H2170,train,122,122,gt_mask_cc_conn8_min3
ncih2170_antibiotics_blank_ctrl_13,NCI-H2170,train,86,86,gt_mask_cc_conn8_min3
ncih2170_antibiotics_blank_ctrl_14,NCI-H2170,train,329,329,gt_mask_cc_conn8_min3
ncih2170_antibiotics_blank_ctrl_15,NCI-H2170,train,210,211,gt_mask_cc_conn8_min3
ncih2170_antibiotics_blank_ctrl_16,NCI-H2170,train,91,91,gt_mask_cc_conn8_min3
ncih2170_antibiotics_blank_ctrl_17,NCI-H2170,train,604,609,gt_mask_cc_conn8_min3
ncih2170_antibiotics_blank_ctrl_19,NCI-H2170,train,92,92,gt_mask_cc_conn8_min3
ncih2170_antibiotics_blank_ctrl_2,NCI-H2170,train,373,373,gt_mask_cc_conn8_min3
ncih2170_antibiotics_blank_ctrl_20,NCI-H2170,train,128,129,gt_mask_cc_conn8_min3
ncih2170_antibiotics_blank_ctrl_21,NCI-H2170,train,224,224,gt_mask_cc_conn8_min3
ncih2170_antibiotics_blank_ctrl_22,NCI-H2170,train,375,377,gt_mask_cc_conn8_min3
ncih2170_antibiotics_blank_ctrl_24,NCI-H2170,train,153,153,gt_mask_cc_conn8_min3
ncih2170_antibiotics_blank_ctrl_25,NCI-H2170,train,42,42,gt_mask_cc_conn8_min3
ncih2170_antibiotics_blank_ctrl_27,NCI-H2170,train,318,318,gt_mask_cc_conn8_min3
ncih2170_antibiotics_blank_ctrl_28,NCI-H2170,train,256,265,gt_mask_cc_conn8_min3
ncih2170_antibiotics_blank_ctrl_29,NCI-H2170,train,104,105,gt_mask_cc_conn8_min3
ncih2170_antibiotics_blank_ctrl_30,NCI-H2170,train,339,339,gt_mask_cc_conn8_min3
ncih2170_antibiotics_blank_ctrl_31,NCI-H2170,train,88,88,gt_mask_cc_conn8_min3
ncih2170_antibiotics_blank_ctrl_32,NCI-H2170,train,138,138,gt_mask_cc_conn8_min3
ncih2170_antibiotics_blank_ctrl_33,NCI-H2170,train,207,208,gt_mask_cc_conn8_min3
ncih2170_antibiotics_blank_ctrl_38,NCI-H2170,train,402,402,gt_mask_cc_conn8_min3
ncih2170_antibiotics_blank_ctrl_39,NCI-H2170,train,391,407,gt_mask_cc_conn8_min3
ncih2170_antibiotics_blank_ctrl_41,NCI-H2170,train,76,76,gt_mask_cc_conn8_min3
ncih2170_antibiotics_blank_ctrl_42,NCI-H2170,train,153,154,gt_mask_cc_conn8_min3
ncih2170_antibiotics_blank_ctrl_44,NCI-H2170,train,181,181,gt_mask_cc_conn8_min3
ncih2170_antibiotics_blank_ctrl_48,NCI-H2170,train,71,71,gt_mask_cc_conn8_min3
ncih2170_antibiotics_blank_ctrl_5,NCI-H2170,train,597,604,gt_mask_cc_conn8_min3
ncih2170_antibiotics_blank_ctrl_50,NCI-H2170,train,197,197,gt_mask_cc_conn8_min3
ncih2170_antibiotics_blank_ctrl_55,NCI-H2170,train,254,256,gt_mask_cc_conn8_min3
ncih2170_antibiotics_blank_ctrl_56,NCI-H2170,train,240,241,gt_mask_cc_conn8_min3
ncih2170_antibiotics_blank_ctrl_57,NCI-H2170,train,214,214,gt_mask_cc_conn8_min3
ncih2170_antibiotics_blank_ctrl_58,NCI-H2170,train,181,182,gt_mask_cc_conn8_min3
ncih2170_antibiotics_blank_ctrl_59,NCI-H2170,train,207,208,gt_mask_cc_conn8_min3
ncih2170_antibiotics_blank_ctrl_60,NCI-H2170,train,314,314,gt_mask_cc_conn8_min3
ncih2170_antibiotics_blank_ctrl_61,NCI-H2170,train,259,260,gt_mask_cc_conn8_min3
ncih2170_antibiotics_blank_ctrl_62,NCI-H2170,train,299,299,gt_mask_cc_conn8_min3
ncih2170_antibiotics_blank_ctrl_64,NCI-H2170,train,124,124,gt_mask_cc_conn8_min3
ncih2170_antibiotics_blank_ctrl_65,NCI-H2170,train,139,139,gt_mask_cc_conn8_min3
ncih2170_antibiotics_blank_ctrl_66,NCI-H2170,train,329,334,gt_mask_cc_conn8_min3
ncih2170_antibiotics_blank_ctrl_67,NCI-H2170,train,250,253,gt_mask_cc_conn8_min3
ncih2170_antibiotics_blank_ctrl_69,NCI-H2170,train,335,349,gt_mask_cc_conn8_min3
ncih2170_antibiotics_blank_ctrl_7,NCI-H2170,train,328,329,gt_mask_cc_conn8_min3
ncih2170_antibiotics_blank_ctrl_74,NCI-H2170,train,375,377,gt_mask_cc_conn8_min3
ncih2170_antibiotics_blank_ctrl_75,NCI-H2170,train,133,134,gt_mask_cc_conn8_min3
ncih2170_antibiotics_blank_ctrl_76,NCI-H2170,train,456,456,gt_mask_cc_conn8_min3
ncih2170_antibiotics_blank_ctrl_77,NCI-H2170,train,261,261,gt_mask_cc_conn8_min3
ncih2170_antibiotics_blank_ctrl_79,NCI-H2170,train,337,338,gt_mask_cc_conn8_min3
ncih2170_antibiotics_blank_ctrl_80,NCI-H2170,train,146,146,gt_mask_cc_conn8_min3
ncih2170_antibiotics_blank_ctrl_81,NCI-H2170,train,93,93,gt_mask_cc_conn8_min3
ncih2170_antibiotics_blank_ctrl_82,NCI-H2170,train,99,99,gt_mask_cc_conn8_min3
ncih2170_antibiotics_blank_ctrl_86,NCI-H2170,train,287,287,gt_mask_cc_conn8_min3
ncih2170_antibiotics_blank_ctrl_87,NCI-H2170,train,90,90,gt_mask_cc_conn8_min3
ncih2170_antibiotics_blank_ctrl_9,NCI-H2170,train,769,777,gt_mask_cc_conn8_min3
ncih2170_antibiotics_blank_ctrl_96,NCI-H2170,train,106,106,gt_mask_cc_conn8_min3
ncih2170_antibiotics_blank_ctrl_97,NCI-H2170,train,146,151,gt_mask_cc_conn8_min3
ncih2170_antibiotics_blank_ctrl_98,NCI-H2170,train,219,226,gt_mask_cc_conn8_min3
ncih2170_antibiotics_ps_10,NCI-H2170,train,160,165,gt_mask_cc_conn8_min3
ncih2170_antibiotics_ps_106,NCI-H2170,train,122,123,gt_mask_cc_conn8_min3
ncih2170_antibiotics_ps_107_b,NCI-H2170,train,205,213,gt_mask_cc_conn8_min3
ncih2170_antibiotics_ps_111,NCI-H2170,train,186,186,gt_mask_cc_conn8_min3
ncih2170_antibiotics_ps_113_b,NCI-H2170,train,142,142,gt_mask_cc_conn8_min3
ncih2170_antibiotics_ps_13,NCI-H2170,train,398,398,gt_mask_cc_conn8_min3
ncih2170_antibiotics_ps_14,NCI-H2170,train,65,66,gt_mask_cc_conn8_min3
ncih2170_antibiotics_ps_16,NCI-H2170,train,236,237,gt_mask_cc_conn8_min3
ncih2170_antibiotics_ps_17,NCI-H2170,train,197,200,gt_mask_cc_conn8_min3
ncih2170_antibiotics_ps_18,NCI-H2170,train,132,133,gt_mask_cc_conn8_min3
ncih2170_antibiotics_ps_19,NCI-H2170,train,201,201,gt_mask_cc_conn8_min3
ncih2170_antibiotics_ps_20,NCI-H2170,train,69,69,gt_mask_cc_conn8_min3
ncih2170_antibiotics_ps_21,NCI-H2170,train,70,70,gt_mask_cc_conn8_min3
ncih2170_antibiotics_ps_22,NCI-H2170,train,95,95,gt_mask_cc_conn8_min3
ncih2170_antibiotics_ps_23,NCI-H2170,train,115,115,gt_mask_cc_conn8_min3
ncih2170_antibiotics_ps_24,NCI-H2170,train,133,133,gt_mask_cc_conn8_min3
ncih2170_antibiotics_ps_28,NCI-H2170,train,121,121,gt_mask_cc_conn8_min3
ncih2170_antibiotics_ps_29_a,NCI-H2170,train,93,93,gt_mask_cc_conn8_min3
ncih2170_antibiotics_ps_30,NCI-H2170,train,95,95,gt_mask_cc_conn8_min3
ncih2170_antibiotics_ps_31,NCI-H2170,train,305,305,gt_mask_cc_conn8_min3
ncih2170_antibiotics_ps_33,NCI-H2170,train,141,141,gt_mask_cc_conn8_min3
ncih2170_antibiotics_ps_34_b,NCI-H2170,train,76,98,gt_mask_cc_conn8_min3
ncih2170_antibiotics_ps_35,NCI-H2170,train,96,96,gt_mask_cc_conn8_min3
ncih2170_antibiotics_ps_37,NCI-H2170,train,81,81,gt_mask_cc_conn8_min3
ncih2170_antibiotics_ps_38,NCI-H2170,train,354,362,gt_mask_cc_conn8_min3
ncih2170_antibiotics_ps_39,NCI-H2170,train,131,132,gt_mask_cc_conn8_min3
ncih2170_antibiotics_ps_40,NCI-H2170,train,75,75,gt_mask_cc_conn8_min3
ncih2170_antibiotics_ps_41,NCI-H2170,train,150,150,gt_mask_cc_conn8_min3
ncih2170_antibiotics_ps_42,NCI-H2170,train,96,96,gt_mask_cc_conn8_min3
ncih2170_antibiotics_ps_43,NCI-H2170,train,63,68,gt_mask_cc_conn8_min3
ncih2170_antibiotics_ps_44,NCI-H2170,train,829,845,gt_mask_cc_conn8_min3
ncih2170_antibiotics_ps_45,NCI-H2170,train,90,92,gt_mask_cc_conn8_min3
ncih2170_antibiotics_ps_46,NCI-H2170,train,211,211,gt_mask_cc_conn8_min3
ncih2170_antibiotics_ps_47,NCI-H2170,train,220,221,gt_mask_cc_conn8_min3
ncih2170_antibiotics_ps_48,NCI-H2170,train,76,76,gt_mask_cc_conn8_min3
ncih2170_antibiotics_ps_49,NCI-H2170,train,109,111,gt_mask_cc_conn8_min3
ncih2170_antibiotics_ps_5,NCI-H2170,train,235,239,gt_mask_cc_conn8_min3
ncih2170_antibiotics_ps_50,NCI-H2170,train,147,148,gt_mask_cc_conn8_min3
ncih2170_antibiotics_ps_54,NCI-H2170,train,125,125,gt_mask_cc_conn8_min3
ncih2170_antibiotics_ps_56_b,NCI-H2170,train,434,454,gt_mask_cc_conn8_min3
ncih2170_antibiotics_ps_57,NCI-H2170,train,70,70,gt_mask_cc_conn8_min3
ncih2170_antibiotics_ps_58,NCI-H2170,train,212,212,gt_mask_cc_conn8_min3
ncih2170_antibiotics_ps_61,NCI-H2170,train,246,246,gt_mask_cc_conn8_min3
ncih2170_antibiotics_ps_62,NCI-H2170,train,458,458,gt_mask_cc_conn8_min3
ncih2170_antibiotics_ps_63,NCI-H2170,train,862,868,gt_mask_cc_conn8_min3
ncih2170_antibiotics_ps_65,NCI-H2170,train,131,131,gt_mask_cc_conn8_min3
ncih2170_antibiotics_ps_67,NCI-H2170,train,153,154,gt_mask_cc_conn8_min3
ncih2170_antibiotics_ps_69,NCI-H2170,train,190,192,gt_mask_cc_conn8_min3
ncih2170_antibiotics_ps_7,NCI-H2170,train,191,191,gt_mask_cc_conn8_min3
ncih2170_antibiotics_ps_73,NCI-H2170,train,370,370,gt_mask_cc_conn8_min3
ncih2170_antibiotics_ps_75,NCI-H2170,train,88,88,gt_mask_cc_conn8_min3
ncih2170_antibiotics_ps_76,NCI-H2170,train,209,209,gt_mask_cc_conn8_min3
ncih2170_antibiotics_ps_77,NCI-H2170,train,264,287,gt_mask_cc_conn8_min3
ncih2170_antibiotics_ps_79,NCI-H2170,train,505,543,gt_mask_cc_conn8_min3
ncih2170_antibiotics_ps_8,NCI-H2170,train,69,69,gt_mask_cc_conn8_min3
ncih2170_antibiotics_ps_80,NCI-H2170,train,286,287,gt_mask_cc_conn8_min3
ncih2170_antibiotics_ps_81,NCI-H2170,train,462,467,gt_mask_cc_conn8_min3
ncih2170_antibiotics_ps_82,NCI-H2170,train,125,125,gt_mask_cc_conn8_min3
ncih2170_antibiotics_ps_83,NCI-H2170,train,126,126,gt_mask_cc_conn8_min3
ncih2170_antibiotics_ps_85,NCI-H2170,train,181,181,gt_mask_cc_conn8_min3
ncih2170_antibiotics_ps_86,NCI-H2170,train,119,119,gt_mask_cc_conn8_min3
ncih2170_antibiotics_ps_87,NCI-H2170,train,150,152,gt_mask_cc_conn8_min3
ncih2170_antibiotics_ps_88,NCI-H2170,train,425,431,gt_mask_cc_conn8_min3
ncih2170_antibiotics_ps_89,NCI-H2170,train,117,117,gt_mask_cc_conn8_min3
ncih2170_antibiotics_ps_9,NCI-H2170,train,243,251,gt_mask_cc_conn8_min3
ncih2170_antibiotics_ps_94,NCI-H2170,train,147,148,gt_mask_cc_conn8_min3
ncih2170_antibiotics_ps_95,NCI-H2170,train,350,353,gt_mask_cc_conn8_min3
ncih2170_antibiotics_ps_97,NCI-H2170,train,136,136,gt_mask_cc_conn8_min3
ncih2170_antibiotics_ps_98_a,NCI-H2170,train,98,98,gt_mask_cc_conn8_min3
ncih2170_antibiotics_ps_98_b,NCI-H2170,train,229,302,gt_mask_cc_conn8_min3
ncih2170_antibiotics_ps_g_100,NCI-H2170,train,274,274,gt_mask_cc_conn8_min3
ncih2170_antibiotics_ps_g_101,NCI-H2170,train,93,93,gt_mask_cc_conn8_min3
ncih2170_antibiotics_ps_g_103,NCI-H2170,train,801,804,gt_mask_cc_conn8_min3
ncih2170_antibiotics_ps_g_106,NCI-H2170,train,246,246,gt_mask_cc_conn8_min3
ncih2170_antibiotics_ps_g_108,NCI-H2170,train,83,83,gt_mask_cc_conn8_min3
ncih2170_antibiotics_ps_g_110,NCI-H2170,train,66,66,gt_mask_cc_conn8_min3
ncih2170_antibiotics_ps_g_111,NCI-H2170,train,152,152,gt_mask_cc_conn8_min3
ncih2170_antibiotics_ps_g_112,NCI-H2170,train,184,184,gt_mask_cc_conn8_min3
ncih2170_antibiotics_ps_g_116,NCI-H2170,train,107,108,gt_mask_cc_conn8_min3
ncih2170_antibiotics_ps_g_37,NCI-H2170,train,283,283,gt_mask_cc_conn8_min3
ncih2170_antibiotics_ps_g_40,NCI-H2170,train,98,98,gt_mask_cc_conn8_min3
ncih2170_antibiotics_ps_g_43,NCI-H2170,train,491,496,gt_mask_cc_conn8_min3
ncih2170_antibiotics_ps_g_46,NCI-H2170,train,148,149,gt_mask_cc_conn8_min3
ncih2170_antibiotics_ps_g_47,NCI-H2170,train,506,513,gt_mask_cc_conn8_min3
ncih2170_antibiotics_ps_g_48,NCI-H2170,train,362,363,gt_mask_cc_conn8_min3
ncih2170_antibiotics_ps_g_49,NCI-H2170,train,446,449,gt_mask_cc_conn8_min3
ncih2170_antibiotics_ps_g_50,NCI-H2170,train,285,285,gt_mask_cc_conn8_min3
ncih2170_antibiotics_ps_g_55,NCI-H2170,train,375,375,gt_mask_cc_conn8_min3
ncih2170_antibiotics_ps_g_60,NCI-H2170,train,76,76,gt_mask_cc_conn8_min3
ncih2170_antibiotics_ps_g_61,NCI-H2170,train,181,181,gt_mask_cc_conn8_min3
ncih2170_antibiotics_ps_g_62,NCI-H2170,train,244,244,gt_mask_cc_conn8_min3
ncih2170_antibiotics_ps_g_66,NCI-H2170,train,79,79,gt_mask_cc_conn8_min3
ncih2170_antibiotics_ps_g_71,NCI-H2170,train,157,157,gt_mask_cc_conn8_min3
ncih2170_antibiotics_ps_g_74,NCI-H2170,train,213,213,gt_mask_cc_conn8_min3
ncih2170_antibiotics_ps_g_77,NCI-H2170,train,112,112,gt_mask_cc_conn8_min3
ncih2170_antibiotics_ps_g_81,NCI-H2170,train,150,150,gt_mask_cc_conn8_min3
ncih2170_antibiotics_ps_g_85,NCI-H2170,train,289,289,gt_mask_cc_conn8_min3
ncih2170_antibiotics_ps_g_88_a,NCI-H2170,train,115,117,gt_mask_cc_conn8_min3
ncih2170_antibiotics_ps_g_88_b,NCI-H2170,train,121,123,gt_mask_cc_conn8_min3
ncih2170_antibiotics_ps_g_90,NCI-H2170,train,127,127,gt_mask_cc_conn8_min3
ncih2170_antibiotics_ps_g_91,NCI-H2170,train,560,570,gt_mask_cc_conn8_min3
ncih2170_antibiotics_ps_g_92,NCI-H2170,train,145,145,gt_mask_cc_conn8_min3
ncih2170_antibiotics_ps_g_94,NCI-H2170,train,235,235,gt_mask_cc_conn8_min3
ncih2170_antibiotics_ps_g_95,NCI-H2170,train,180,180,gt_mask_cc_conn8_min3
ncih2170_antibiotics_ps_g_97,NCI-H2170,train,252,252,gt_mask_cc_conn8_min3
ncih2170_antibiotics_ps_g_98,NCI-H2170,train,167,167,gt_mask_cc_conn8_min3
ncih2170_cart_72h_blank_ctrl_19,NCI-H2170,train,210,211,gt_mask_cc_conn8_min3
ncih2170_cart_72h_blank_ctrl_28,NCI-H2170,train,191,200,gt_mask_cc_conn8_min3
ncih2170_cart_72h_blank_ctrl_32,NCI-H2170,train,99,118,gt_mask_cc_conn8_min3
ncih2170_cart_72h_blank_ctrl_34,NCI-H2170,train,88,92,gt_mask_cc_conn8_min3
ncih2170_cart_72h_blank_ctrl_35,NCI-H2170,train,168,173,gt_mask_cc_conn8_min3
ncih2170_cart_72h_blank_ctrl_36,NCI-H2170,train,86,86,gt_mask_cc_conn8_min3
ncih2170_cart_72h_blank_ctrl_38,NCI-H2170,train,156,161,gt_mask_cc_conn8_min3
ncih2170_cart_72h_blank_ctrl_39,NCI-H2170,train,189,197,gt_mask_cc_conn8_min3
ncih2170_cart_72h_blank_ctrl_50,NCI-H2170,train,149,176,gt_mask_cc_conn8_min3
ncih2170_cart_72h_blank_ctrl_55,NCI-H2170,train,56,56,gt_mask_cc_conn8_min3
ncih2170_cart_72h_blank_ctrl_56,NCI-H2170,train,132,132,gt_mask_cc_conn8_min3
ncih2170_cart_72h_blank_ctrl_57,NCI-H2170,train,75,77,gt_mask_cc_conn8_min3
ncih2170_cart_72h_blank_ctrl_61,NCI-H2170,train,47,47,gt_mask_cc_conn8_min3
ncih2170_cart_72h_blank_ctrl_64,NCI-H2170,train,47,47,gt_mask_cc_conn8_min3
ncih2170_cart_72h_blank_ctrl_7,NCI-H2170,train,196,196,gt_mask_cc_conn8_min3
ncih2170_cart_72h_blank_ctrl_71,NCI-H2170,train,133,133,gt_mask_cc_conn8_min3
ncih2170_cart_72h_blank_ctrl_74,NCI-H2170,train,43,43,gt_mask_cc_conn8_min3
ncih2170_cart_72h_blank_ctrl_8,NCI-H2170,train,132,136,gt_mask_cc_conn8_min3
ncih2170_cart_72h_blank_ctrl_80,NCI-H2170,train,76,76,gt_mask_cc_conn8_min3
ncih2170_cart_72h_blank_ctrl_82,NCI-H2170,train,105,105,gt_mask_cc_conn8_min3
ncih2170_cart_72h_blank_ctrl_83,NCI-H2170,train,35,35,gt_mask_cc_conn8_min3
ncih2170_cart_72h_blank_ctrl_89,NCI-H2170,train,238,238,gt_mask_cc_conn8_min3
ncih2170_cart_72h_blank_ctrl_92,NCI-H2170,train,176,176,gt_mask_cc_conn8_min3
ncih2170_cart_72h_blank_ctrl_98,NCI-H2170,train,257,258,gt_mask_cc_conn8_min3
ncih2170_cart_72h_cart_1,NCI-H2170,train,75,75,gt_mask_cc_conn8_min3
ncih2170_cart_72h_cart_100,NCI-H2170,train,664,671,gt_mask_cc_conn8_min3
ncih2170_cart_72h_cart_16,NCI-H2170,train,16,16,gt_mask_cc_conn8_min3
ncih2170_cart_72h_cart_17,NCI-H2170,train,44,44,gt_mask_cc_conn8_min3
ncih2170_cart_72h_cart_20,NCI-H2170,train,53,53,gt_mask_cc_conn8_min3
ncih2170_cart_72h_cart_22,NCI-H2170,train,15,15,gt_mask_cc_conn8_min3
ncih2170_cart_72h_cart_27,NCI-H2170,train,71,71,gt_mask_cc_conn8_min3
ncih2170_cart_72h_cart_31,NCI-H2170,train,119,119,gt_mask_cc_conn8_min3
ncih2170_cart_72h_cart_32,NCI-H2170,train,74,75,gt_mask_cc_conn8_min3
ncih2170_cart_72h_cart_33,NCI-H2170,train,117,117,gt_mask_cc_conn8_min3
ncih2170_cart_72h_cart_4,NCI-H2170,train,41,44,gt_mask_cc_conn8_min3
ncih2170_cart_72h_cart_40,NCI-H2170,train,22,22,gt_mask_cc_conn8_min3
ncih2170_cart_72h_cart_47,NCI-H2170,train,81,81,gt_mask_cc_conn8_min3
ncih2170_cart_72h_cart_49,NCI-H2170,train,18,18,gt_mask_cc_conn8_min3
ncih2170_cart_72h_cart_5,NCI-H2170,train,27,27,gt_mask_cc_conn8_min3
ncih2170_cart_72h_cart_57,NCI-H2170,train,99,99,gt_mask_cc_conn8_min3
ncih2170_cart_72h_cart_60,NCI-H2170,train,30,30,gt_mask_cc_conn8_min3
ncih2170_cart_72h_cart_64,NCI-H2170,train,78,78,gt_mask_cc_conn8_min3
ncih2170_cart_72h_cart_73,NCI-H2170,train,73,73,gt_mask_cc_conn8_min3
ncih2170_cart_72h_cart_78,NCI-H2170,train,112,112,gt_mask_cc_conn8_min3
ncih2170_cart_72h_cart_80,NCI-H2170,train,244,245,gt_mask_cc_conn8_min3
ncih2170_cart_72h_cart_82,NCI-H2170,train,69,69,gt_mask_cc_conn8_min3
ncih2170_cart_72h_cart_83,NCI-H2170,train,102,102,gt_mask_cc_conn8_min3
ncih2170_cart_72h_cart_88,NCI-H2170,train,111,112,gt_mask_cc_conn8_min3
ncih2170_cart_72h_cart_89,NCI-H2170,train,497,511,gt_mask_cc_conn8_min3
ncih2170_cart_72h_cart_90,NCI-H2170,train,175,187,gt_mask_cc_conn8_min3
ncih2170_cart_72h_cart_91,NCI-H2170,train,382,390,gt_mask_cc_conn8_min3
ncih2170_cart_72h_cart_93,NCI-H2170,train,184,188,gt_mask_cc_conn8_min3
ncih2170_cart_72h_cart_95,NCI-H2170,train,318,325,gt_mask_cc_conn8_min3
ncih2170_cart_72h_cart_96,NCI-H2170,train,105,105,gt_mask_cc_conn8_min3
ncih2170_cart_72h_cart_97,NCI-H2170,train,181,183,gt_mask_cc_conn8_min3
ncih2170_cart_72h_cart_99,NCI-H2170,train,179,184,gt_mask_cc_conn8_min3
ncih2170_cart_72h_nt_ctrl_10,NCI-H2170,train,76,76,gt_mask_cc_conn8_min3
ncih2170_cart_72h_nt_ctrl_100,NCI-H2170,train,143,143,gt_mask_cc_conn8_min3
ncih2170_cart_72h_nt_ctrl_12,NCI-H2170,train,209,209,gt_mask_cc_conn8_min3
ncih2170_cart_72h_nt_ctrl_13,NCI-H2170,train,78,78,gt_mask_cc_conn8_min3
ncih2170_cart_72h_nt_ctrl_16,NCI-H2170,train,74,74,gt_mask_cc_conn8_min3
ncih2170_cart_72h_nt_ctrl_21,NCI-H2170,train,186,186,gt_mask_cc_conn8_min3
ncih2170_cart_72h_nt_ctrl_24,NCI-H2170,train,35,35,gt_mask_cc_conn8_min3
ncih2170_cart_72h_nt_ctrl_26,NCI-H2170,train,130,130,gt_mask_cc_conn8_min3
ncih2170_cart_72h_nt_ctrl_28,NCI-H2170,train,162,162,gt_mask_cc_conn8_min3
ncih2170_cart_72h_nt_ctrl_39,NCI-H2170,train,53,53,gt_mask_cc_conn8_min3
ncih2170_cart_72h_nt_ctrl_4,NCI-H2170,train,77,77,gt_mask_cc_conn8_min3
ncih2170_cart_72h_nt_ctrl_41,NCI-H2170,train,142,142,gt_mask_cc_conn8_min3
ncih2170_cart_72h_nt_ctrl_43,NCI-H2170,train,142,142,gt_mask_cc_conn8_min3
ncih2170_cart_72h_nt_ctrl_44,NCI-H2170,train,75,75,gt_mask_cc_conn8_min3
ncih2170_cart_72h_nt_ctrl_45,NCI-H2170,train,188,188,gt_mask_cc_conn8_min3
ncih2170_cart_72h_nt_ctrl_47,NCI-H2170,train,157,157,gt_mask_cc_conn8_min3
ncih2170_cart_72h_nt_ctrl_48,NCI-H2170,train,60,60,gt_mask_cc_conn8_min3
ncih2170_cart_72h_nt_ctrl_52,NCI-H2170,train,136,138,gt_mask_cc_conn8_min3
ncih2170_cart_72h_nt_ctrl_54,NCI-H2170,train,245,251,gt_mask_cc_conn8_min3
ncih2170_cart_72h_nt_ctrl_55,NCI-H2170,train,216,220,gt_mask_cc_conn8_min3
ncih2170_cart_72h_nt_ctrl_56,NCI-H2170,train,246,248,gt_mask_cc_conn8_min3
ncih2170_cart_72h_nt_ctrl_58,NCI-H2170,train,211,224,gt_mask_cc_conn8_min3
ncih2170_cart_72h_nt_ctrl_6,NCI-H2170,train,51,51,gt_mask_cc_conn8_min3
ncih2170_cart_72h_nt_ctrl_65,NCI-H2170,train,74,74,gt_mask_cc_conn8_min3
ncih2170_cart_72h_nt_ctrl_66,NCI-H2170,train,291,294,gt_mask_cc_conn8_min3
ncih2170_cart_72h_nt_ctrl_67,NCI-H2170,train,87,87,gt_mask_cc_conn8_min3
ncih2170_cart_72h_nt_ctrl_74,NCI-H2170,train,348,357,gt_mask_cc_conn8_min3
ncih2170_cart_72h_nt_ctrl_75,NCI-H2170,train,99,101,gt_mask_cc_conn8_min3
ncih2170_cart_72h_nt_ctrl_77,NCI-H2170,train,159,162,gt_mask_cc_conn8_min3
ncih2170_cart_72h_nt_ctrl_81,NCI-H2170,train,478,555,gt_mask_cc_conn8_min3
ncih2170_cart_72h_nt_ctrl_87,NCI-H2170,train,231,236,gt_mask_cc_conn8_min3
ncih2170_cart_72h_nt_ctrl_88,NCI-H2170,train,534,538,gt_mask_cc_conn8_min3
ncih2170_cart_72h_nt_ctrl_9,NCI-H2170,train,84,84,gt_mask_cc_conn8_min3
ncih2170_cart_72h_nt_ctrl_91,NCI-H2170,train,113,115,gt_mask_cc_conn8_min3
ncih2170_cart_72h_nt_ctrl_94,NCI-H2170,train,226,239,gt_mask_cc_conn8_min3
ncih2170_cart_72h_nt_ctrl_99,NCI-H2170,train,66,66,gt_mask_cc_conn8_min3
ncih2170_ctrl_1_24,NCI-H2170,train,355,356,gt_mask_cc_conn8_min3
ncih2170_ctrl_1_25,NCI-H2170,train,441,452,gt_mask_cc_conn8_min3
ncih2170_ctrl_1_27,NCI-H2170,train,504,505,gt_mask_cc_conn8_min3
ncih2170_ctrl_1_29,NCI-H2170,train,226,228,gt_mask_cc_conn8_min3
ncih2170_ctrl_1_33,NCI-H2170,train,431,434,gt_mask_cc_conn8_min3
ncih2170_ctrl_1_37,NCI-H2170,train,223,231,gt_mask_cc_conn8_min3
ncih2170_ctrl_1_39,NCI-H2170,train,194,194,gt_mask_cc_conn8_min3
ncih2170_ctrl_1_41,NCI-H2170,train,489,493,gt_mask_cc_conn8_min3
ncih2170_ctrl_1_44,NCI-H2170,train,178,192,gt_mask_cc_conn8_min3
ncih2170_ctrl_1_50,NCI-H2170,train,243,247,gt_mask_cc_conn8_min3
ncih2170_ctrl_1_51,NCI-H2170,train,280,281,gt_mask_cc_conn8_min3
ncih2170_ctrl_1_53,NCI-H2170,train,613,613,gt_mask_cc_conn8_min3
ncih2170_ctrl_1_55,NCI-H2170,train,589,595,gt_mask_cc_conn8_min3
ncih2170_ctrl_1_65,NCI-H2170,train,230,236,gt_mask_cc_conn8_min3
ncih2170_ctrl_1_66,NCI-H2170,train,283,299,gt_mask_cc_conn8_min3
ncih2170_ctrl_1_68,NCI-H2170,train,226,229,gt_mask_cc_conn8_min3
ncih2170_ctrl_1_82,NCI-H2170,train,404,404,gt_mask_cc_conn8_min3
ncih2170_ctrl_1_86,NCI-H2170,train,359,360,gt_mask_cc_conn8_min3
ncih2170_ctrl_1_89,NCI-H2170,train,832,845,gt_mask_cc_conn8_min3
ncih2170_ctrl_1_95,NCI-H2170,train,215,218,gt_mask_cc_conn8_min3
ncih2170_ctrl_1_98,NCI-H2170,train,119,121,gt_mask_cc_conn8_min3
ncih2170_ctrl_1_99,NCI-H2170,train,221,221,gt_mask_cc_conn8_min3
ncih2170_ctrl_2_102,NCI-H2170,train,257,257,gt_mask_cc_conn8_min3
ncih2170_ctrl_2_103,NCI-H2170,train,107,107,gt_mask_cc_conn8_min3
ncih2170_ctrl_2_106,NCI-H2170,train,909,925,gt_mask_cc_conn8_min3
ncih2170_ctrl_2_107,NCI-H2170,train,116,118,gt_mask_cc_conn8_min3
ncih2170_ctrl_2_112,NCI-H2170,train,217,217,gt_mask_cc_conn8_min3
ncih2170_ctrl_2_114,NCI-H2170,train,503,508,gt_mask_cc_conn8_min3
ncih2170_ctrl_2_115,NCI-H2170,train,371,378,gt_mask_cc_conn8_min3
ncih2170_ctrl_2_116,NCI-H2170,train,94,97,gt_mask_cc_conn8_min3
ncih2170_ctrl_2_117,NCI-H2170,train,172,172,gt_mask_cc_conn8_min3
ncih2170_ctrl_2_118,NCI-H2170,train,523,525,gt_mask_cc_conn8_min3
ncih2170_ctrl_2_119,NCI-H2170,train,282,285,gt_mask_cc_conn8_min3
ncih2170_ctrl_2_121,NCI-H2170,train,418,418,gt_mask_cc_conn8_min3
ncih2170_ctrl_2_122,NCI-H2170,train,194,194,gt_mask_cc_conn8_min3
ncih2170_ctrl_2_124,NCI-H2170,train,163,163,gt_mask_cc_conn8_min3
ncih2170_ctrl_2_125,NCI-H2170,train,413,415,gt_mask_cc_conn8_min3
ncih2170_ctrl_2_127,NCI-H2170,train,378,380,gt_mask_cc_conn8_min3
ncih2170_ctrl_2_129,NCI-H2170,train,220,220,gt_mask_cc_conn8_min3
ncih2170_ctrl_2_130,NCI-H2170,train,228,229,gt_mask_cc_conn8_min3
ncih2170_ctrl_2_134,NCI-H2170,train,390,392,gt_mask_cc_conn8_min3
ncih2170_ctrl_2_136,NCI-H2170,train,314,322,gt_mask_cc_conn8_min3
ncih2170_ctrl_2_141,NCI-H2170,train,114,115,gt_mask_cc_conn8_min3
ncih2170_ctrl_2_22,NCI-H2170,train,438,442,gt_mask_cc_conn8_min3
ncih2170_ctrl_2_28,NCI-H2170,train,259,259,gt_mask_cc_conn8_min3
ncih2170_ctrl_2_29,NCI-H2170,train,170,172,gt_mask_cc_conn8_min3
ncih2170_ctrl_2_30,NCI-H2170,train,572,581,gt_mask_cc_conn8_min3
ncih2170_ctrl_2_35,NCI-H2170,train,604,644,gt_mask_cc_conn8_min3
ncih2170_ctrl_2_40,NCI-H2170,train,297,299,gt_mask_cc_conn8_min3
ncih2170_ctrl_2_41,NCI-H2170,train,742,751,gt_mask_cc_conn8_min3
ncih2170_ctrl_2_92,NCI-H2170,train,436,439,gt_mask_cc_conn8_min3
ncih2170_ctrl_2_93,NCI-H2170,train,287,288,gt_mask_cc_conn8_min3
ncih2170_ctrl_2_94,NCI-H2170,train,146,148,gt_mask_cc_conn8_min3
ncih2170_ctrl_2_99,NCI-H2170,train,290,292,gt_mask_cc_conn8_min3
ncih2170_facs_fish_0223_high_her2_10,NCI-H2170,train,138,138,gt_mask_cc_conn8_min3
ncih2170_facs_fish_0223_high_her2_11,NCI-H2170,train,101,101,gt_mask_cc_conn8_min3
ncih2170_facs_fish_0223_high_her2_16,NCI-H2170,train,130,130,gt_mask_cc_conn8_min3
ncih2170_facs_fish_0223_high_her2_18,NCI-H2170,train,46,46,gt_mask_cc_conn8_min3
ncih2170_facs_fish_0223_high_her2_2,NCI-H2170,train,86,88,gt_mask_cc_conn8_min3
ncih2170_facs_fish_0223_high_her2_3,NCI-H2170,train,116,116,gt_mask_cc_conn8_min3
ncih2170_facs_fish_0223_high_her2_4,NCI-H2170,train,77,77,gt_mask_cc_conn8_min3
ncih2170_facs_fish_0223_high_her2_5,NCI-H2170,train,152,152,gt_mask_cc_conn8_min3
ncih2170_facs_fish_0223_high_her2_6,NCI-H2170,train,332,335,gt_mask_cc_conn8_min3
ncih2170_facs_fish_0223_high_her2_8,NCI-H2170,train,228,229,gt_mask_cc_conn8_min3
ncih2170_facs_fish_0223_high_her2_9,NCI-H2170,train,94,94,gt_mask_cc_conn8_min3
ncih2170_facs_fish_0223_low_her2_10,NCI-H2170,train,24,24,gt_mask_cc_conn8_min3
ncih2170_facs_fish_0223_low_her2_9,NCI-H2170,train,24,24,gt_mask_cc_conn8_min3
ncih2170_facs_fish_0423_high_her2_21,NCI-H2170,train,115,117,gt_mask_cc_conn8_min3
ncih2170_facs_fish_0423_high_her2_23,NCI-H2170,train,187,187,gt_mask_cc_conn8_min3
ncih2170_facs_fish_0423_high_her2_24,NCI-H2170,train,174,174,gt_mask_cc_conn8_min3
ncih2170_facs_fish_0423_high_her2_25,NCI-H2170,train,97,97,gt_mask_cc_conn8_min3
ncih2170_facs_fish_0423_low_her2_101,NCI-H2170,train,104,105,gt_mask_cc_conn8_min3
ncih2170_facs_fish_0423_low_her2_104,NCI-H2170,train,61,61,gt_mask_cc_conn8_min3
ncih2170_facs_fish_0423_low_her2_105,NCI-H2170,train,62,62,gt_mask_cc_conn8_min3
ncih2170_facs_fish_0423_low_her2_109,NCI-H2170,train,109,109,gt_mask_cc_conn8_min3
ncih2170_facs_fish_0423_low_her2_111,NCI-H2170,train,107,107,gt_mask_cc_conn8_min3
ncih2170_facs_fish_0423_low_her2_118,NCI-H2170,train,43,43,gt_mask_cc_conn8_min3
ncih2170_facs_fish_0423_low_her2_16,NCI-H2170,train,61,61,gt_mask_cc_conn8_min3
ncih2170_facs_fish_0423_low_her2_18,NCI-H2170,train,99,100,gt_mask_cc_conn8_min3
ncih2170_facs_fish_0423_low_her2_20,NCI-H2170,train,213,213,gt_mask_cc_conn8_min3
ncih2170_facs_fish_0423_low_her2_22,NCI-H2170,train,64,64,gt_mask_cc_conn8_min3
ncih2170_facs_fish_0423_low_her2_3,NCI-H2170,train,128,128,gt_mask_cc_conn8_min3
ncih2170_facs_fish_0423_low_her2_30,NCI-H2170,train,96,96,gt_mask_cc_conn8_min3
ncih2170_facs_fish_0423_low_her2_31_b,NCI-H2170,train,197,197,gt_mask_cc_conn8_min3
ncih2170_facs_fish_0423_low_her2_35,NCI-H2170,train,211,211,gt_mask_cc_conn8_min3
ncih2170_facs_fish_0423_low_her2_37,NCI-H2170,train,60,60,gt_mask_cc_conn8_min3
ncih2170_facs_fish_0423_low_her2_4,NCI-H2170,train,117,117,gt_mask_cc_conn8_min3
ncih2170_facs_fish_0423_low_her2_44,NCI-H2170,train,115,115,gt_mask_cc_conn8_min3
ncih2170_facs_fish_0423_low_her2_46,NCI-H2170,train,167,167,gt_mask_cc_conn8_min3
ncih2170_facs_fish_0423_low_her2_48,NCI-H2170,train,99,99,gt_mask_cc_conn8_min3
ncih2170_facs_fish_0423_low_her2_59,NCI-H2170,train,170,170,gt_mask_cc_conn8_min3
ncih2170_facs_fish_0423_low_her2_66,NCI-H2170,train,41,41,gt_mask_cc_conn8_min3
ncih2170_facs_fish_0423_low_her2_68,NCI-H2170,train,103,103,gt_mask_cc_conn8_min3
ncih2170_facs_fish_0423_low_her2_7,NCI-H2170,train,84,84,gt_mask_cc_conn8_min3
ncih2170_facs_fish_0423_low_her2_71,NCI-H2170,train,135,135,gt_mask_cc_conn8_min3
ncih2170_facs_fish_0423_low_her2_72,NCI-H2170,train,142,142,gt_mask_cc_conn8_min3
ncih2170_facs_fish_0423_low_her2_74,NCI-H2170,train,97,97,gt_mask_cc_conn8_min3
ncih2170_facs_fish_0423_low_her2_75,NCI-H2170,train,111,111,gt_mask_cc_conn8_min3
ncih2170_facs_fish_0423_low_her2_76,NCI-H2170,train,204,204,gt_mask_cc_conn8_min3
ncih2170_facs_fish_0423_low_her2_9,NCI-H2170,train,143,143,gt_mask_cc_conn8_min3
ncih2170_facs_fish_0423_low_her2_95,NCI-H2170,train,26,26,gt_mask_cc_conn8_min3
ncih2170_facs_fish_0423_low_her2_97,NCI-H2170,train,114,114,gt_mask_cc_conn8_min3
ncih2170_facs_fish_0423_low_her2_98,NCI-H2170,train,125,125,gt_mask_cc_conn8_min3
ncih2170_facs_fish_0723_high_her2_10,NCI-H2170,train,597,599,gt_mask_cc_conn8_min3
ncih2170_facs_fish_0723_high_her2_102,NCI-H2170,train,276,277,gt_mask_cc_conn8_min3
ncih2170_facs_fish_0723_high_her2_103,NCI-H2170,train,199,199,gt_mask_cc_conn8_min3
ncih2170_facs_fish_0723_high_her2_104,NCI-H2170,train,676,678,gt_mask_cc_conn8_min3
ncih2170_facs_fish_0723_high_her2_109,NCI-H2170,train,292,293,gt_mask_cc_conn8_min3
ncih2170_facs_fish_0723_high_her2_113,NCI-H2170,train,843,848,gt_mask_cc_conn8_min3
ncih2170_facs_fish_0723_high_her2_114,NCI-H2170,train,329,331,gt_mask_cc_conn8_min3
ncih2170_facs_fish_0723_high_her2_116,NCI-H2170,train,395,395,gt_mask_cc_conn8_min3
ncih2170_facs_fish_0723_high_her2_12,NCI-H2170,train,211,211,gt_mask_cc_conn8_min3
ncih2170_facs_fish_0723_high_her2_120,NCI-H2170,train,250,250,gt_mask_cc_conn8_min3
ncih2170_facs_fish_0723_high_her2_121,NCI-H2170,train,344,381,gt_mask_cc_conn8_min3
ncih2170_facs_fish_0723_high_her2_122,NCI-H2170,train,245,245,gt_mask_cc_conn8_min3
ncih2170_facs_fish_0723_high_her2_123,NCI-H2170,train,325,325,gt_mask_cc_conn8_min3
ncih2170_facs_fish_0723_high_her2_124,NCI-H2170,train,165,165,gt_mask_cc_conn8_min3
ncih2170_facs_fish_0723_high_her2_13,NCI-H2170,train,299,299,gt_mask_cc_conn8_min3
ncih2170_facs_fish_0723_high_her2_18,NCI-H2170,train,611,612,gt_mask_cc_conn8_min3
ncih2170_facs_fish_0723_high_her2_24,NCI-H2170,train,184,193,gt_mask_cc_conn8_min3
ncih2170_facs_fish_0723_high_her2_27,NCI-H2170,train,319,321,gt_mask_cc_conn8_min3
ncih2170_facs_fish_0723_high_her2_28,NCI-H2170,train,232,232,gt_mask_cc_conn8_min3
ncih2170_facs_fish_0723_high_her2_3,NCI-H2170,train,460,460,gt_mask_cc_conn8_min3
ncih2170_facs_fish_0723_high_her2_30,NCI-H2170,train,376,376,gt_mask_cc_conn8_min3
ncih2170_facs_fish_0723_high_her2_36,NCI-H2170,train,236,237,gt_mask_cc_conn8_min3
ncih2170_facs_fish_0723_high_her2_4,NCI-H2170,train,396,397,gt_mask_cc_conn8_min3
ncih2170_facs_fish_0723_high_her2_40,NCI-H2170,train,517,552,gt_mask_cc_conn8_min3
ncih2170_facs_fish_0723_high_her2_41,NCI-H2170,train,265,265,gt_mask_cc_conn8_min3
ncih2170_facs_fish_0723_high_her2_42,NCI-H2170,train,323,323,gt_mask_cc_conn8_min3
ncih2170_facs_fish_0723_high_her2_54,NCI-H2170,train,120,120,gt_mask_cc_conn8_min3
ncih2170_facs_fish_0723_high_her2_55,NCI-H2170,train,223,224,gt_mask_cc_conn8_min3
ncih2170_facs_fish_0723_high_her2_56,NCI-H2170,train,252,254,gt_mask_cc_conn8_min3
ncih2170_facs_fish_0723_high_her2_64,NCI-H2170,train,260,262,gt_mask_cc_conn8_min3
ncih2170_facs_fish_0723_high_her2_7,NCI-H2170,train,495,495,gt_mask_cc_conn8_min3
ncih2170_facs_fish_0723_high_her2_82,NCI-H2170,train,498,498,gt_mask_cc_conn8_min3
ncih2170_facs_fish_0723_high_her2_83,NCI-H2170,train,307,308,gt_mask_cc_conn8_min3
ncih2170_facs_fish_0723_high_her2_84,NCI-H2170,train,258,259,gt_mask_cc_conn8_min3
ncih2170_facs_fish_0723_high_her2_86,NCI-H2170,train,164,164,gt_mask_cc_conn8_min3
ncih2170_facs_fish_0723_high_her2_87,NCI-H2170,train,249,261,gt_mask_cc_conn8_min3
ncih2170_facs_fish_0723_high_her2_9,NCI-H2170,train,262,262,gt_mask_cc_conn8_min3
ncih2170_facs_fish_0723_high_her2_92,NCI-H2170,train,147,148,gt_mask_cc_conn8_min3
ncih2170_facs_fish_0723_high_her2_96,NCI-H2170,train,497,502,gt_mask_cc_conn8_min3
ncih2170_facs_fish_0723_high_her2_98,NCI-H2170,train,226,228,gt_mask_cc_conn8_min3
ncih2170_facs_fish_0723_low_her2_10,NCI-H2170,train,206,207,gt_mask_cc_conn8_min3
ncih2170_facs_fish_0723_low_her2_103,NCI-H2170,train,207,207,gt_mask_cc_conn8_min3
ncih2170_facs_fish_0723_low_her2_106,NCI-H2170,train,71,71,gt_mask_cc_conn8_min3
ncih2170_facs_fish_0723_low_her2_108,NCI-H2170,train,53,53,gt_mask_cc_conn8_min3
ncih2170_facs_fish_0723_low_her2_112,NCI-H2170,train,98,98,gt_mask_cc_conn8_min3
ncih2170_facs_fish_0723_low_her2_118,NCI-H2170,train,93,94,gt_mask_cc_conn8_min3
ncih2170_facs_fish_0723_low_her2_124,NCI-H2170,train,152,153,gt_mask_cc_conn8_min3
ncih2170_facs_fish_0723_low_her2_125,NCI-H2170,train,73,75,gt_mask_cc_conn8_min3
ncih2170_facs_fish_0723_low_her2_126,NCI-H2170,train,124,124,gt_mask_cc_conn8_min3
ncih2170_facs_fish_0723_low_her2_13,NCI-H2170,train,82,82,gt_mask_cc_conn8_min3
ncih2170_facs_fish_0723_low_her2_15,NCI-H2170,train,132,132,gt_mask_cc_conn8_min3
ncih2170_facs_fish_0723_low_her2_20,NCI-H2170,train,183,183,gt_mask_cc_conn8_min3
ncih2170_facs_fish_0723_low_her2_21,NCI-H2170,train,260,260,gt_mask_cc_conn8_min3
ncih2170_facs_fish_0723_low_her2_25,NCI-H2170,train,54,54,gt_mask_cc_conn8_min3
ncih2170_facs_fish_0723_low_her2_3,NCI-H2170,train,124,124,gt_mask_cc_conn8_min3
ncih2170_facs_fish_0723_low_her2_32,NCI-H2170,train,78,78,gt_mask_cc_conn8_min3
ncih2170_facs_fish_0723_low_her2_34,NCI-H2170,train,72,72,gt_mask_cc_conn8_min3
ncih2170_facs_fish_0723_low_her2_38,NCI-H2170,train,86,86,gt_mask_cc_conn8_min3
ncih2170_facs_fish_0723_low_her2_39,NCI-H2170,train,100,100,gt_mask_cc_conn8_min3
ncih2170_facs_fish_0723_low_her2_40,NCI-H2170,train,97,97,gt_mask_cc_conn8_min3
ncih2170_facs_fish_0723_low_her2_42,NCI-H2170,train,122,122,gt_mask_cc_conn8_min3
ncih2170_facs_fish_0723_low_her2_43,NCI-H2170,train,71,71,gt_mask_cc_conn8_min3
ncih2170_facs_fish_0723_low_her2_44,NCI-H2170,train,162,162,gt_mask_cc_conn8_min3
ncih2170_facs_fish_0723_low_her2_51,NCI-H2170,train,106,106,gt_mask_cc_conn8_min3
ncih2170_facs_fish_0723_low_her2_53,NCI-H2170,train,105,105,gt_mask_cc_conn8_min3
ncih2170_facs_fish_0723_low_her2_54,NCI-H2170,train,106,106,gt_mask_cc_conn8_min3
ncih2170_facs_fish_0723_low_her2_57,NCI-H2170,train,236,237,gt_mask_cc_conn8_min3
ncih2170_facs_fish_0723_low_her2_6,NCI-H2170,train,66,66,gt_mask_cc_conn8_min3
ncih2170_facs_fish_0723_low_her2_62,NCI-H2170,train,53,53,gt_mask_cc_conn8_min3
ncih2170_facs_fish_0723_low_her2_68,NCI-H2170,train,32,32,gt_mask_cc_conn8_min3
ncih2170_facs_fish_0723_low_her2_70,NCI-H2170,train,115,119,gt_mask_cc_conn8_min3
ncih2170_facs_fish_0723_low_her2_75,NCI-H2170,train,43,43,gt_mask_cc_conn8_min3
ncih2170_facs_fish_0723_low_her2_83,NCI-H2170,train,78,79,gt_mask_cc_conn8_min3
ncih2170_facs_fish_0723_low_her2_87,NCI-H2170,train,64,66,gt_mask_cc_conn8_min3
ncih2170_facs_fish_0723_low_her2_88,NCI-H2170,train,46,46,gt_mask_cc_conn8_min3
ncih2170_facs_fish_0723_low_her2_89,NCI-H2170,train,79,79,gt_mask_cc_conn8_min3
ncih2170_facs_fish_0723_low_her2_92,NCI-H2170,train,130,130,gt_mask_cc_conn8_min3
ncih2170_facs_fish_0723_low_her2_93,NCI-H2170,train,39,41,gt_mask_cc_conn8_min3
ncih2170_facs_fish_0723_low_her2_94,NCI-H2170,train,93,95,gt_mask_cc_conn8_min3
ncih2170_facs_fish_0723_low_her2_98,NCI-H2170,train,121,123,gt_mask_cc_conn8_min3
ncih2170_facs_fish_0723_pre_sort_ctrl_1,NCI-H2170,train,94,94,gt_mask_cc_conn8_min3
ncih2170_facs_fish_0723_pre_sort_ctrl_12,NCI-H2170,train,173,173,gt_mask_cc_conn8_min3
ncih2170_facs_fish_0723_pre_sort_ctrl_14,NCI-H2170,train,179,179,gt_mask_cc_conn8_min3
ncih2170_facs_fish_0723_pre_sort_ctrl_16,NCI-H2170,train,85,85,gt_mask_cc_conn8_min3
ncih2170_facs_fish_0723_pre_sort_ctrl_17,NCI-H2170,train,513,535,gt_mask_cc_conn8_min3
ncih2170_facs_fish_0723_pre_sort_ctrl_18,NCI-H2170,train,255,255,gt_mask_cc_conn8_min3
ncih2170_facs_fish_0723_pre_sort_ctrl_19,NCI-H2170,train,123,123,gt_mask_cc_conn8_min3
ncih2170_facs_fish_0723_pre_sort_ctrl_2,NCI-H2170,train,520,520,gt_mask_cc_conn8_min3
ncih2170_facs_fish_0723_pre_sort_ctrl_21,NCI-H2170,train,250,250,gt_mask_cc_conn8_min3
ncih2170_facs_fish_0723_pre_sort_ctrl_24,NCI-H2170,train,64,64,gt_mask_cc_conn8_min3
ncih2170_facs_fish_0723_pre_sort_ctrl_8,NCI-H2170,train,193,193,gt_mask_cc_conn8_min3
ncih2170_facs_fish_0723_sorted_ctrl_11,NCI-H2170,train,34,34,gt_mask_cc_conn8_min3
ncih2170_facs_fish_0723_sorted_ctrl_18,NCI-H2170,train,292,296,gt_mask_cc_conn8_min3
ncih2170_facs_fish_0723_sorted_ctrl_21,NCI-H2170,train,407,408,gt_mask_cc_conn8_min3
ncih2170_facs_fish_0723_sorted_ctrl_22,NCI-H2170,train,88,88,gt_mask_cc_conn8_min3
ncih2170_facs_fish_0723_sorted_ctrl_25,NCI-H2170,train,138,138,gt_mask_cc_conn8_min3
ncih2170_facs_fish_0723_sorted_ctrl_31,NCI-H2170,train,78,84,gt_mask_cc_conn8_min3
ncih2170_facs_fish_0723_sorted_ctrl_32,NCI-H2170,train,288,290,gt_mask_cc_conn8_min3
ncih2170_facs_fish_0723_sorted_ctrl_33,NCI-H2170,train,168,168,gt_mask_cc_conn8_min3
ncih2170_facs_fish_0723_sorted_ctrl_36,NCI-H2170,train,67,67,gt_mask_cc_conn8_min3
ncih2170_facs_fish_0723_sorted_ctrl_37,NCI-H2170,train,239,241,gt_mask_cc_conn8_min3
ncih2170_facs_fish_0723_sorted_ctrl_4,NCI-H2170,train,536,538,gt_mask_cc_conn8_min3
ncih2170_facs_fish_0723_sorted_ctrl_40,NCI-H2170,train,65,65,gt_mask_cc_conn8_min3
ncih2170_facs_fish_0723_sorted_ctrl_41,NCI-H2170,train,292,293,gt_mask_cc_conn8_min3
ncih2170_facs_fish_0723_sorted_ctrl_43,NCI-H2170,train,98,98,gt_mask_cc_conn8_min3
ncih2170_facs_fish_0723_sorted_ctrl_48,NCI-H2170,train,274,278,gt_mask_cc_conn8_min3
ncih2170_facs_fish_0723_sorted_ctrl_52,NCI-H2170,train,226,226,gt_mask_cc_conn8_min3
ncih2170_facs_fish_0723_sorted_ctrl_54,NCI-H2170,train,116,116,gt_mask_cc_conn8_min3
ncih2170_facs_fish_0723_sorted_ctrl_55,NCI-H2170,train,262,262,gt_mask_cc_conn8_min3
ncih2170_facs_fish_0723_sorted_ctrl_57,NCI-H2170,train,284,301,gt_mask_cc_conn8_min3
ncih2170_facs_fish_0723_sorted_ctrl_59,NCI-H2170,train,277,284,gt_mask_cc_conn8_min3
ncih2170_facs_fish_0723_sorted_ctrl_64,NCI-H2170,train,333,335,gt_mask_cc_conn8_min3
ncih2170_facs_fish_0723_sorted_ctrl_65,NCI-H2170,train,139,139,gt_mask_cc_conn8_min3
ncih2170_facs_fish_0723_sorted_ctrl_66,NCI-H2170,train,58,58,gt_mask_cc_conn8_min3
ncih2170_facs_fish_0723_sorted_ctrl_68,NCI-H2170,train,266,266,gt_mask_cc_conn8_min3
ncih2170_facs_fish_0723_sorted_ctrl_72,NCI-H2170,train,259,261,gt_mask_cc_conn8_min3
ncih2170_facs_fish_0723_sorted_ctrl_74,NCI-H2170,train,73,73,gt_mask_cc_conn8_min3
ncih2170_facs_fish_0723_sorted_ctrl_75,NCI-H2170,train,205,205,gt_mask_cc_conn8_min3
ncih2170_facs_fish_0723_sorted_ctrl_76,NCI-H2170,train,291,291,gt_mask_cc_conn8_min3
ncih2170_facs_fish_0723_sorted_ctrl_77,NCI-H2170,train,199,202,gt_mask_cc_conn8_min3
ncih2170_facs_fish_0723_sorted_ctrl_79,NCI-H2170,train,27,27,gt_mask_cc_conn8_min3
ncih2170_facs_fish_0723_sorted_ctrl_85,NCI-H2170,train,249,249,gt_mask_cc_conn8_min3
ncih2170_facs_fish_0723_sorted_ctrl_87,NCI-H2170,train,190,190,gt_mask_cc_conn8_min3
ncih2170_facs_fish_0723_sorted_ctrl_9,NCI-H2170,train,87,87,gt_mask_cc_conn8_min3
ncih2170_facs_fish_0723_sorted_ctrl_99,NCI-H2170,train,203,205,gt_mask_cc_conn8_min3
ncih2170_jc_jq1_ic50_24h_1,NCI-H2170,train,83,83,gt_mask_cc_conn8_min3
ncih2170_jc_jq1_ic50_24h_101,NCI-H2170,train,99,100,gt_mask_cc_conn8_min3
ncih2170_jc_jq1_ic50_24h_104,NCI-H2170,train,74,75,gt_mask_cc_conn8_min3
ncih2170_jc_jq1_ic50_24h_106,NCI-H2170,train,239,246,gt_mask_cc_conn8_min3
ncih2170_jc_jq1_ic50_24h_111,NCI-H2170,train,128,130,gt_mask_cc_conn8_min3
ncih2170_jc_jq1_ic50_24h_112,NCI-H2170,train,308,319,gt_mask_cc_conn8_min3
ncih2170_jc_jq1_ic50_24h_113,NCI-H2170,train,200,203,gt_mask_cc_conn8_min3
ncih2170_jc_jq1_ic50_24h_114,NCI-H2170,train,250,253,gt_mask_cc_conn8_min3
ncih2170_jc_jq1_ic50_24h_115,NCI-H2170,train,180,187,gt_mask_cc_conn8_min3
ncih2170_jc_jq1_ic50_24h_117,NCI-H2170,train,135,137,gt_mask_cc_conn8_min3
ncih2170_jc_jq1_ic50_24h_118,NCI-H2170,train,105,108,gt_mask_cc_conn8_min3
ncih2170_jc_jq1_ic50_24h_119,NCI-H2170,train,177,178,gt_mask_cc_conn8_min3
ncih2170_jc_jq1_ic50_24h_120,NCI-H2170,train,143,154,gt_mask_cc_conn8_min3
ncih2170_jc_jq1_ic50_24h_2,NCI-H2170,train,783,791,gt_mask_cc_conn8_min3
ncih2170_jc_jq1_ic50_24h_21,NCI-H2170,train,180,186,gt_mask_cc_conn8_min3
ncih2170_jc_jq1_ic50_24h_24,NCI-H2170,train,99,99,gt_mask_cc_conn8_min3
ncih2170_jc_jq1_ic50_24h_25,NCI-H2170,train,93,95,gt_mask_cc_conn8_min3
ncih2170_jc_jq1_ic50_24h_26,NCI-H2170,train,142,143,gt_mask_cc_conn8_min3
ncih2170_jc_jq1_ic50_24h_27,NCI-H2170,train,438,451,gt_mask_cc_conn8_min3
ncih2170_jc_jq1_ic50_24h_29,NCI-H2170,train,201,204,gt_mask_cc_conn8_min3
ncih2170_jc_jq1_ic50_24h_30,NCI-H2170,train,163,170,gt_mask_cc_conn8_min3
ncih2170_jc_jq1_ic50_24h_31,NCI-H2170,train,274,283,gt_mask_cc_conn8_min3
ncih2170_jc_jq1_ic50_24h_33,NCI-H2170,train,121,123,gt_mask_cc_conn8_min3
ncih2170_jc_jq1_ic50_24h_40,NCI-H2170,train,406,418,gt_mask_cc_conn8_min3
ncih2170_jc_jq1_ic50_24h_41,NCI-H2170,train,69,73,gt_mask_cc_conn8_min3
ncih2170_jc_jq1_ic50_24h_42,NCI-H2170,train,51,51,gt_mask_cc_conn8_min3
ncih2170_jc_jq1_ic50_24h_47,NCI-H2170,train,120,122,gt_mask_cc_conn8_min3
ncih2170_jc_jq1_ic50_24h_5,NCI-H2170,train,86,86,gt_mask_cc_conn8_min3
ncih2170_jc_jq1_ic50_24h_51,NCI-H2170,train,323,323,gt_mask_cc_conn8_min3
ncih2170_jc_jq1_ic50_24h_53,NCI-H2170,train,127,134,gt_mask_cc_conn8_min3
ncih2170_jc_jq1_ic50_24h_54,NCI-H2170,train,101,103,gt_mask_cc_conn8_min3
ncih2170_jc_jq1_ic50_24h_56,NCI-H2170,train,265,265,gt_mask_cc_conn8_min3
ncih2170_jc_jq1_ic50_24h_61,NCI-H2170,train,50,52,gt_mask_cc_conn8_min3
ncih2170_jc_jq1_ic50_24h_62,NCI-H2170,train,155,163,gt_mask_cc_conn8_min3
ncih2170_jc_jq1_ic50_24h_64,NCI-H2170,train,102,102,gt_mask_cc_conn8_min3
ncih2170_jc_jq1_ic50_24h_66,NCI-H2170,train,246,249,gt_mask_cc_conn8_min3
ncih2170_jc_jq1_ic50_24h_67,NCI-H2170,train,118,122,gt_mask_cc_conn8_min3
ncih2170_jc_jq1_ic50_24h_68,NCI-H2170,train,160,162,gt_mask_cc_conn8_min3
ncih2170_jc_jq1_ic50_24h_69,NCI-H2170,train,62,64,gt_mask_cc_conn8_min3
ncih2170_jc_jq1_ic50_24h_72,NCI-H2170,train,94,94,gt_mask_cc_conn8_min3
ncih2170_jc_jq1_ic50_24h_73,NCI-H2170,train,123,123,gt_mask_cc_conn8_min3
ncih2170_jc_jq1_ic50_24h_74,NCI-H2170,train,314,330,gt_mask_cc_conn8_min3
ncih2170_jc_jq1_ic50_24h_75,NCI-H2170,train,111,119,gt_mask_cc_conn8_min3
ncih2170_jc_jq1_ic50_24h_76_a,NCI-H2170,train,149,149,gt_mask_cc_conn8_min3
ncih2170_jc_jq1_ic50_24h_79,NCI-H2170,train,110,110,gt_mask_cc_conn8_min3
ncih2170_jc_jq1_ic50_24h_89,NCI-H2170,train,134,136,gt_mask_cc_conn8_min3
ncih2170_jc_jq1_ic50_24h_91,NCI-H2170,train,125,129,gt_mask_cc_conn8_min3
ncih2170_jc_jq1_ic50_24h_92,NCI-H2170,train,141,142,gt_mask_cc_conn8_min3
ncih2170_jc_jq1_ic50_24h_93,NCI-H2170,train,419,445,gt_mask_cc_conn8_min3
ncih2170_jc_jq1_ic50_24h_94,NCI-H2170,train,135,135,gt_mask_cc_conn8_min3
ncih2170_jc_jq1_ic50_24h_95,NCI-H2170,train,58,58,gt_mask_cc_conn8_min3
ncih2170_jc_jq1_ic50_24h_96,NCI-H2170,train,69,69,gt_mask_cc_conn8_min3
ncih2170_jc_jq1_ic50_24h_97,NCI-H2170,train,53,55,gt_mask_cc_conn8_min3
ncih2170_jc_lap_ic50_24h_10,NCI-H2170,train,103,104,gt_mask_cc_conn8_min3
ncih2170_jc_lap_ic50_24h_101,NCI-H2170,train,278,279,gt_mask_cc_conn8_min3
ncih2170_jc_lap_ic50_24h_102,NCI-H2170,train,125,126,gt_mask_cc_conn8_min3
ncih2170_jc_lap_ic50_24h_104,NCI-H2170,train,151,151,gt_mask_cc_conn8_min3
ncih2170_jc_lap_ic50_24h_106,NCI-H2170,train,166,166,gt_mask_cc_conn8_min3
ncih2170_jc_lap_ic50_24h_108,NCI-H2170,train,70,70,gt_mask_cc_conn8_min3
ncih2170_jc_lap_ic50_24h_109,NCI-H2170,train,99,101,gt_mask_cc_conn8_min3
ncih2170_jc_lap_ic50_24h_112,NCI-H2170,train,210,214,gt_mask_cc_conn8_min3
ncih2170_jc_lap_ic50_24h_114,NCI-H2170,train,50,50,gt_mask_cc_conn8_min3
ncih2170_jc_lap_ic50_24h_115,NCI-H2170,train,125,128,gt_mask_cc_conn8_min3
ncih2170_jc_lap_ic50_24h_116,NCI-H2170,train,101,105,gt_mask_cc_conn8_min3
ncih2170_jc_lap_ic50_24h_118,NCI-H2170,train,63,63,gt_mask_cc_conn8_min3
ncih2170_jc_lap_ic50_24h_119,NCI-H2170,train,120,120,gt_mask_cc_conn8_min3
ncih2170_jc_lap_ic50_24h_17,NCI-H2170,train,54,54,gt_mask_cc_conn8_min3
ncih2170_jc_lap_ic50_24h_19,NCI-H2170,train,82,82,gt_mask_cc_conn8_min3
ncih2170_jc_lap_ic50_24h_20,NCI-H2170,train,177,190,gt_mask_cc_conn8_min3
ncih2170_jc_lap_ic50_24h_21,NCI-H2170,train,242,250,gt_mask_cc_conn8_min3
ncih2170_jc_lap_ic50_24h_24,NCI-H2170,train,97,100,gt_mask_cc_conn8_min3
ncih2170_jc_lap_ic50_24h_25,NCI-H2170,train,107,108,gt_mask_cc_conn8_min3
ncih2170_jc_lap_ic50_24h_27,NCI-H2170,train,65,65,gt_mask_cc_conn8_min3
ncih2170_jc_lap_ic50_24h_29f,NCI-H2170,train,101,101,gt_mask_cc_conn8_min3
ncih2170_jc_lap_ic50_24h_31,NCI-H2170,train,132,135,gt_mask_cc_conn8_min3
ncih2170_jc_lap_ic50_24h_32,NCI-H2170,train,54,54,gt_mask_cc_conn8_min3
ncih2170_jc_lap_ic50_24h_33,NCI-H2170,train,185,187,gt_mask_cc_conn8_min3
ncih2170_jc_lap_ic50_24h_36,NCI-H2170,train,36,36,gt_mask_cc_conn8_min3
ncih2170_jc_lap_ic50_24h_39,NCI-H2170,train,122,124,gt_mask_cc_conn8_min3
ncih2170_jc_lap_ic50_24h_41,NCI-H2170,train,185,189,gt_mask_cc_conn8_min3
ncih2170_jc_lap_ic50_24h_45,NCI-H2170,train,145,145,gt_mask_cc_conn8_min3
ncih2170_jc_lap_ic50_24h_48,NCI-H2170,train,97,101,gt_mask_cc_conn8_min3
ncih2170_jc_lap_ic50_24h_49,NCI-H2170,train,40,40,gt_mask_cc_conn8_min3
ncih2170_jc_lap_ic50_24h_4_s,NCI-H2170,train,41,41,gt_mask_cc_conn8_min3
ncih2170_jc_lap_ic50_24h_52,NCI-H2170,train,150,153,gt_mask_cc_conn8_min3
ncih2170_jc_lap_ic50_24h_54,NCI-H2170,train,75,76,gt_mask_cc_conn8_min3
ncih2170_jc_lap_ic50_24h_56,NCI-H2170,train,70,70,gt_mask_cc_conn8_min3
ncih2170_jc_lap_ic50_24h_57,NCI-H2170,train,202,203,gt_mask_cc_conn8_min3
ncih2170_jc_lap_ic50_24h_58,NCI-H2170,train,390,404,gt_mask_cc_conn8_min3
ncih2170_jc_lap_ic50_24h_61,NCI-H2170,train,165,167,gt_mask_cc_conn8_min3
ncih2170_jc_lap_ic50_24h_74,NCI-H2170,train,152,152,gt_mask_cc_conn8_min3
ncih2170_jc_lap_ic50_24h_75,NCI-H2170,train,177,179,gt_mask_cc_conn8_min3
ncih2170_jc_lap_ic50_24h_76,NCI-H2170,train,258,261,gt_mask_cc_conn8_min3
ncih2170_jc_lap_ic50_24h_79,NCI-H2170,train,110,111,gt_mask_cc_conn8_min3
ncih2170_jc_lap_ic50_24h_8,NCI-H2170,train,68,70,gt_mask_cc_conn8_min3
ncih2170_jc_lap_ic50_24h_83,NCI-H2170,train,111,111,gt_mask_cc_conn8_min3
ncih2170_jc_lap_ic50_24h_84,NCI-H2170,train,161,163,gt_mask_cc_conn8_min3
ncih2170_jc_lap_ic50_24h_88,NCI-H2170,train,239,240,gt_mask_cc_conn8_min3
ncih2170_jc_lap_ic50_24h_90,NCI-H2170,train,283,285,gt_mask_cc_conn8_min3
ncih2170_jc_lap_ic50_24h_93,NCI-H2170,train,259,261,gt_mask_cc_conn8_min3
ncih2170_jc_lap_ic50_24h_96,NCI-H2170,train,261,264,gt_mask_cc_conn8_min3
ncih2170_jc_lap_ic50_24h_99,NCI-H2170,train,89,89,gt_mask_cc_conn8_min3
ncih2170_jc_ner_ic50_24h_21,NCI-H2170,train,475,490,gt_mask_cc_conn8_min3
ncih2170_jc_ner_ic50_24h_28,NCI-H2170,train,62,62,gt_mask_cc_conn8_min3
ncih2170_jc_ner_ic50_24h_3,NCI-H2170,train,574,586,gt_mask_cc_conn8_min3
ncih2170_jc_ner_ic50_24h_47,NCI-H2170,train,212,214,gt_mask_cc_conn8_min3
ncih2170_jc_ner_ic50_24h_51,NCI-H2170,train,166,167,gt_mask_cc_conn8_min3
ncih2170_jc_ner_ic50_24h_53,NCI-H2170,train,182,183,gt_mask_cc_conn8_min3
ncih2170_jc_ner_ic50_24h_6,NCI-H2170,train,109,110,gt_mask_cc_conn8_min3
ncih2170_jc_ner_ic50_24h_7,NCI-H2170,train,137,138,gt_mask_cc_conn8_min3
ncih2170_jc_ner_ic50_24h_72,NCI-H2170,train,143,147,gt_mask_cc_conn8_min3
ncih2170_jc_ner_ic50_24h_73,NCI-H2170,train,78,80,gt_mask_cc_conn8_min3
ncih2170_jc_ner_ic50_24h_80,NCI-H2170,train,129,129,gt_mask_cc_conn8_min3
ncih2170_jc_ner_ic50_24h_9,NCI-H2170,train,168,172,gt_mask_cc_conn8_min3
ncih2170_jc_ner_ic50_72h_39,NCI-H2170,train,396,403,gt_mask_cc_conn8_min3
ncih2170_jc_ner_ic50_72h_40,NCI-H2170,train,349,352,gt_mask_cc_conn8_min3
ncih2170_jc_ner_ic50_72h_66,NCI-H2170,train,163,165,gt_mask_cc_conn8_min3
ncih2170_jc_ner_ic50_72h_75,NCI-H2170,train,233,233,gt_mask_cc_conn8_min3
ncih2170_jc_ner_ic50_72h_89,NCI-H2170,train,1687,1728,gt_mask_cc_conn8_min3
ncih2170_jc_ner_ic50_72h_92,NCI-H2170,train,233,238,gt_mask_cc_conn8_min3
ncih2170_post_facs_fish_high_her2_g3_42,NCI-H2170,train,611,613,gt_mask_cc_conn8_min3
ncih2170_post_facs_fish_high_her2_g3_61,NCI-H2170,train,186,186,gt_mask_cc_conn8_min3
ncih2170_post_facs_fish_high_her2_g3_65,NCI-H2170,train,88,88,gt_mask_cc_conn8_min3
ncih2170_post_facs_fish_low_her2_g3_101,NCI-H2170,train,153,153,gt_mask_cc_conn8_min3
ncih2170_post_facs_fish_low_her2_g3_36,NCI-H2170,train,179,179,gt_mask_cc_conn8_min3
ncih2170_post_facs_fish_low_her2_g3_39,NCI-H2170,train,191,191,gt_mask_cc_conn8_min3
ncih2170_post_facs_fish_low_her2_g3_59,NCI-H2170,train,45,45,gt_mask_cc_conn8_min3
ncih2170_post_facs_fish_low_her2_g3_6,NCI-H2170,train,479,480,gt_mask_cc_conn8_min3
ncih2170_post_facs_fish_low_her2_g3_68,NCI-H2170,train,49,49,gt_mask_cc_conn8_min3
ncih2170_post_facs_fish_low_her2_g3_79,NCI-H2170,train,209,214,gt_mask_cc_conn8_min3
ncih2170_post_facs_fish_low_her2_g3_82,NCI-H2170,train,75,75,gt_mask_cc_conn8_min3
ncih716_jc_alo_8nm_24h_12,NCI-H716,train,191,191,gt_mask_cc_conn8_min3
ncih716_jc_alo_8nm_24h_17,NCI-H716,train,231,232,gt_mask_cc_conn8_min3
ncih716_jc_alo_8nm_24h_5,NCI-H716,train,128,128,gt_mask_cc_conn8_min3
ncih716_jc_ctrl_1_10,NCI-H716,train,386,386,gt_mask_cc_conn8_min3
ncih716_jc_ctrl_1_13,NCI-H716,train,211,222,gt_mask_cc_conn8_min3
ncih716_jc_ctrl_1_16,NCI-H716,train,182,187,gt_mask_cc_conn8_min3
ncih716_jc_ctrl_1_2,NCI-H716,train,131,135,gt_mask_cc_conn8_min3
ncih716_jc_ctrl_1_21,NCI-H716,train,195,197,gt_mask_cc_conn8_min3
ncih716_jc_ctrl_1_24,NCI-H716,train,350,364,gt_mask_cc_conn8_min3
ncih716_jc_ctrl_1_27,NCI-H716,train,281,282,gt_mask_cc_conn8_min3
ncih716_jc_ctrl_1_3,NCI-H716,train,127,129,gt_mask_cc_conn8_min3
ncih716_jc_ctrl_1_42,NCI-H716,train,178,178,gt_mask_cc_conn8_min3
ncih716_jc_ctrl_1_43,NCI-H716,train,194,194,gt_mask_cc_conn8_min3
ncih716_jc_ctrl_1_48,NCI-H716,train,163,163,gt_mask_cc_conn8_min3
ncih716_jc_ctrl_1_5,NCI-H716,train,179,179,gt_mask_cc_conn8_min3
ncih716_jc_ctrl_1_54,NCI-H716,train,134,134,gt_mask_cc_conn8_min3
ncih716_jc_ctrl_1_55,NCI-H716,train,76,76,gt_mask_cc_conn8_min3
ncih716_jc_ctrl_1_56,NCI-H716,train,239,239,gt_mask_cc_conn8_min3
ncih716_jc_ctrl_1_57,NCI-H716,train,137,137,gt_mask_cc_conn8_min3
ncih716_jc_ctrl_1_59,NCI-H716,train,211,211,gt_mask_cc_conn8_min3
ncih716_jc_ctrl_1_62,NCI-H716,train,172,174,gt_mask_cc_conn8_min3
ncih716_jc_ctrl_1_74,NCI-H716,train,369,374,gt_mask_cc_conn8_min3
ncih716_jc_ctrl_1_76,NCI-H716,train,172,172,gt_mask_cc_conn8_min3
ncih716_jc_ctrl_2_10,NCI-H716,train,116,116,gt_mask_cc_conn8_min3
ncih716_jc_ctrl_2_16,NCI-H716,train,213,213,gt_mask_cc_conn8_min3
ncih716_jc_ctrl_2_18,NCI-H716,train,131,132,gt_mask_cc_conn8_min3
ncih716_jc_ctrl_2_22,NCI-H716,train,135,135,gt_mask_cc_conn8_min3
ncih716_jc_ctrl_2_23,NCI-H716,train,129,129,gt_mask_cc_conn8_min3
ncih716_jc_ctrl_2_27,NCI-H716,train,291,291,gt_mask_cc_conn8_min3
ncih716_jc_ctrl_2_28,NCI-H716,train,223,223,gt_mask_cc_conn8_min3
ncih716_jc_ctrl_2_32,NCI-H716,train,132,132,gt_mask_cc_conn8_min3
ncih716_jc_ctrl_2_33,NCI-H716,train,176,176,gt_mask_cc_conn8_min3
ncih716_jc_ctrl_2_36,NCI-H716,train,262,262,gt_mask_cc_conn8_min3
ncih716_jc_ctrl_2_37,NCI-H716,train,468,469,gt_mask_cc_conn8_min3
ncih716_jc_ctrl_2_39,NCI-H716,train,273,273,gt_mask_cc_conn8_min3
ncih716_jc_ctrl_2_40,NCI-H716,train,89,92,gt_mask_cc_conn8_min3
ncih716_jc_ctrl_2_41,NCI-H716,train,132,137,gt_mask_cc_conn8_min3
ncih716_jc_ctrl_2_43,NCI-H716,train,144,144,gt_mask_cc_conn8_min3
ncih716_jc_ctrl_2_45,NCI-H716,train,179,180,gt_mask_cc_conn8_min3
ncih716_jc_ctrl_2_46,NCI-H716,train,72,72,gt_mask_cc_conn8_min3
ncih716_jc_ctrl_2_47,NCI-H716,train,135,135,gt_mask_cc_conn8_min3
ncih716_jc_ctrl_2_48,NCI-H716,train,322,322,gt_mask_cc_conn8_min3
ncih716_jc_ctrl_2_5,NCI-H716,train,368,371,gt_mask_cc_conn8_min3
ncih716_jc_ctrl_2_50,NCI-H716,train,177,177,gt_mask_cc_conn8_min3
ncih716_jc_ctrl_2_51,NCI-H716,train,181,182,gt_mask_cc_conn8_min3
ncih716_jc_ctrl_2_54,NCI-H716,train,274,275,gt_mask_cc_conn8_min3
ncih716_jc_ctrl_2_55,NCI-H716,train,120,120,gt_mask_cc_conn8_min3
ncih716_jc_ctrl_2_56,NCI-H716,train,349,349,gt_mask_cc_conn8_min3
ncih716_jc_ctrl_2_9,NCI-H716,train,210,212,gt_mask_cc_conn8_min3
snu16_jc_arv771_800picom_24h_4,SNU16,train,124,124,gt_mask_cc_conn8_min3
snu16_jc_ctrl_10,SNU16,train,376,385,gt_mask_cc_conn8_min3
snu16_jc_ctrl_102,SNU16,train,271,275,gt_mask_cc_conn8_min3
snu16_jc_ctrl_103,SNU16,train,206,208,gt_mask_cc_conn8_min3
snu16_jc_ctrl_107,SNU16,train,370,370,gt_mask_cc_conn8_min3
snu16_jc_ctrl_108,SNU16,train,635,640,gt_mask_cc_conn8_min3
snu16_jc_ctrl_112,SNU16,train,1231,1245,gt_mask_cc_conn8_min3
snu16_jc_ctrl_120,SNU16,train,244,244,gt_mask_cc_conn8_min3
snu16_jc_ctrl_122,SNU16,train,209,209,gt_mask_cc_conn8_min3
snu16_jc_ctrl_126,SNU16,train,181,182,gt_mask_cc_conn8_min3
snu16_jc_ctrl_127,SNU16,train,372,374,gt_mask_cc_conn8_min3
snu16_jc_ctrl_129,SNU16,train,224,226,gt_mask_cc_conn8_min3
snu16_jc_ctrl_131,SNU16,train,225,225,gt_mask_cc_conn8_min3
snu16_jc_ctrl_132,SNU16,train,311,313,gt_mask_cc_conn8_min3
snu16_jc_ctrl_136,SNU16,train,317,326,gt_mask_cc_conn8_min3
snu16_jc_ctrl_144,SNU16,train,123,123,gt_mask_cc_conn8_min3
snu16_jc_ctrl_147,SNU16,train,268,273,gt_mask_cc_conn8_min3
snu16_jc_ctrl_15,SNU16,train,471,472,gt_mask_cc_conn8_min3
snu16_jc_ctrl_20,SNU16,train,990,995,gt_mask_cc_conn8_min3
snu16_jc_ctrl_23,SNU16,train,223,232,gt_mask_cc_conn8_min3
snu16_jc_ctrl_24,SNU16,train,251,254,gt_mask_cc_conn8_min3
snu16_jc_ctrl_25,SNU16,train,341,342,gt_mask_cc_conn8_min3
snu16_jc_ctrl_26,SNU16,train,170,170,gt_mask_cc_conn8_min3
snu16_jc_ctrl_30,SNU16,train,214,217,gt_mask_cc_conn8_min3
snu16_jc_ctrl_32,SNU16,train,265,266,gt_mask_cc_conn8_min3
snu16_jc_ctrl_37,SNU16,train,320,325,gt_mask_cc_conn8_min3
snu16_jc_ctrl_38,SNU16,train,178,180,gt_mask_cc_conn8_min3
snu16_jc_ctrl_39,SNU16,train,271,273,gt_mask_cc_conn8_min3
snu16_jc_ctrl_42,SNU16,train,90,95,gt_mask_cc_conn8_min3
snu16_jc_ctrl_43,SNU16,train,105,105,gt_mask_cc_conn8_min3
snu16_jc_ctrl_47,SNU16,train,392,399,gt_mask_cc_conn8_min3
snu16_jc_ctrl_48,SNU16,train,321,334,gt_mask_cc_conn8_min3
snu16_jc_ctrl_52,SNU16,train,207,217,gt_mask_cc_conn8_min3
snu16_jc_ctrl_53,SNU16,train,637,645,gt_mask_cc_conn8_min3
snu16_jc_ctrl_54,SNU16,train,151,154,gt_mask_cc_conn8_min3
snu16_jc_ctrl_55,SNU16,train,241,241,gt_mask_cc_conn8_min3
snu16_jc_ctrl_56,SNU16,train,256,262,gt_mask_cc_conn8_min3
snu16_jc_ctrl_57,SNU16,train,222,225,gt_mask_cc_conn8_min3
snu16_jc_ctrl_59,SNU16,train,297,299,gt_mask_cc_conn8_min3
snu16_jc_ctrl_61,SNU16,train,144,148,gt_mask_cc_conn8_min3
snu16_jc_ctrl_63,SNU16,train,190,191,gt_mask_cc_conn8_min3
snu16_jc_ctrl_65,SNU16,train,413,417,gt_mask_cc_conn8_min3
snu16_jc_ctrl_67,SNU16,train,267,271,gt_mask_cc_conn8_min3
snu16_jc_ctrl_76,SNU16,train,148,152,gt_mask_cc_conn8_min3
snu16_jc_ctrl_78,SNU16,train,144,148,gt_mask_cc_conn8_min3
snu16_jc_ctrl_79,SNU16,train,289,292,gt_mask_cc_conn8_min3
snu16_jc_ctrl_84,SNU16,train,212,221,gt_mask_cc_conn8_min3
snu16_jc_ctrl_86,SNU16,train,227,227,gt_mask_cc_conn8_min3
snu16_jc_ctrl_87,SNU16,train,241,241,gt_mask_cc_conn8_min3
snu16_jc_ctrl_89,SNU16,train,303,313,gt_mask_cc_conn8_min3
snu16_jc_ctrl_95,SNU16,train,664,667,gt_mask_cc_conn8_min3
snu16_jc_ctrl_98,SNU16,train,459,463,gt_mask_cc_conn8_min3
snu16_jc_jq1_ic50_24h_10,SNU16,train,228,228,gt_mask_cc_conn8_min3
snu16_jc_jq1_ic50_24h_100,SNU16,train,97,99,gt_mask_cc_conn8_min3
snu16_jc_jq1_ic50_24h_104,SNU16,train,481,481,gt_mask_cc_conn8_min3
snu16_jc_jq1_ic50_24h_109,SNU16,train,261,261,gt_mask_cc_conn8_min3
snu16_jc_jq1_ic50_24h_115,SNU16,train,230,231,gt_mask_cc_conn8_min3
snu16_jc_jq1_ic50_24h_117,SNU16,train,118,118,gt_mask_cc_conn8_min3
snu16_jc_jq1_ic50_24h_128,SNU16,train,77,77,gt_mask_cc_conn8_min3
snu16_jc_jq1_ic50_24h_2,SNU16,train,110,110,gt_mask_cc_conn8_min3
snu16_jc_jq1_ic50_24h_21,SNU16,train,172,173,gt_mask_cc_conn8_min3
snu16_jc_jq1_ic50_24h_26,SNU16,train,301,301,gt_mask_cc_conn8_min3
snu16_jc_jq1_ic50_24h_28,SNU16,train,433,442,gt_mask_cc_conn8_min3
snu16_jc_jq1_ic50_24h_29,SNU16,train,286,288,gt_mask_cc_conn8_min3
snu16_jc_jq1_ic50_24h_33_a,SNU16,train,527,535,gt_mask_cc_conn8_min3
snu16_jc_jq1_ic50_24h_45,SNU16,train,374,374,gt_mask_cc_conn8_min3
snu16_jc_jq1_ic50_24h_5,SNU16,train,434,436,gt_mask_cc_conn8_min3
snu16_jc_jq1_ic50_24h_52,SNU16,train,279,282,gt_mask_cc_conn8_min3
snu16_jc_jq1_ic50_24h_57,SNU16,train,101,101,gt_mask_cc_conn8_min3
snu16_jc_jq1_ic50_24h_6,SNU16,train,313,315,gt_mask_cc_conn8_min3
snu16_jc_jq1_ic50_24h_61_a,SNU16,train,112,112,gt_mask_cc_conn8_min3
snu16_jc_jq1_ic50_24h_68,SNU16,train,313,319,gt_mask_cc_conn8_min3
snu16_jc_jq1_ic50_24h_69,SNU16,train,444,444,gt_mask_cc_conn8_min3
snu16_jc_jq1_ic50_24h_70,SNU16,train,242,246,gt_mask_cc_conn8_min3
snu16_jc_jq1_ic50_24h_72,SNU16,train,368,371,gt_mask_cc_conn8_min3
snu16_jc_jq1_ic50_24h_75,SNU16,train,394,395,gt_mask_cc_conn8_min3
snu16_jc_jq1_ic50_24h_76,SNU16,train,101,101,gt_mask_cc_conn8_min3
snu16_jc_jq1_ic50_24h_8,SNU16,train,663,672,gt_mask_cc_conn8_min3
snu16_jc_jq1_ic50_24h_81,SNU16,train,142,142,gt_mask_cc_conn8_min3
snu16_jc_jq1_ic50_24h_87,SNU16,train,225,225,gt_mask_cc_conn8_min3
snu16_jc_jq1_ic50_24h_88,SNU16,train,57,57,gt_mask_cc_conn8_min3
snu16_jc_jq1_ic50_24h_89,SNU16,train,203,203,gt_mask_cc_conn8_min3
snu16_jc_jq1_ic50_24h_90,SNU16,train,141,141,gt_mask_cc_conn8_min3
snu16_jc_jq1_ic50_24h_91,SNU16,train,111,111,gt_mask_cc_conn8_min3
snu16_jc_jq1_ic50_24h_94,SNU16,train,141,141,gt_mask_cc_conn8_min3
snu16_jc_jq1_ic50_24h_97,SNU16,train,157,160,gt_mask_cc_conn8_min3
colo320dm_qpcr_jq1_24h_ctrl_105,COLO320DM,val,59,59,gt_mask_cc_conn8_min3
colo320dm_qpcr_jq1_24h_ctrl_109,COLO320DM,val,71,71,gt_mask_cc_conn8_min3
colo320dm_qpcr_jq1_24h_ctrl_17,COLO320DM,val,13,13,gt_mask_cc_conn8_min3
colo320dm_qpcr_jq1_24h_ctrl_21,COLO320DM,val,40,40,gt_mask_cc_conn8_min3
colo320dm_qpcr_jq1_24h_ctrl_27,COLO320DM,val,18,18,gt_mask_cc_conn8_min3
colo320dm_qpcr_jq1_24h_ctrl_31,COLO320DM,val,143,146,gt_mask_cc_conn8_min3
colo320dm_qpcr_jq1_24h_ctrl_35,COLO320DM,val,57,57,gt_mask_cc_conn8_min3
colo320dm_qpcr_jq1_24h_ctrl_99,COLO320DM,val,74,74,gt_mask_cc_conn8_min3
colo320dm_qpcr_jq1_24h_dmso_88,COLO320DM,val,4,4,gt_mask_cc_conn8_min3
ncih2170_antibiotics_blank_ctrl_101,NCI-H2170,val,266,266,gt_mask_cc_conn8_min3
ncih2170_antibiotics_blank_ctrl_103,NCI-H2170,val,228,228,gt_mask_cc_conn8_min3
ncih2170_antibiotics_blank_ctrl_11,NCI-H2170,val,181,181,gt_mask_cc_conn8_min3
ncih2170_antibiotics_blank_ctrl_115,NCI-H2170,val,125,125,gt_mask_cc_conn8_min3
ncih2170_antibiotics_blank_ctrl_18,NCI-H2170,val,157,157,gt_mask_cc_conn8_min3
ncih2170_antibiotics_blank_ctrl_23,NCI-H2170,val,281,281,gt_mask_cc_conn8_min3
ncih2170_antibiotics_blank_ctrl_34,NCI-H2170,val,91,91,gt_mask_cc_conn8_min3
ncih2170_antibiotics_blank_ctrl_51,NCI-H2170,val,159,159,gt_mask_cc_conn8_min3
ncih2170_antibiotics_blank_ctrl_52,NCI-H2170,val,324,324,gt_mask_cc_conn8_min3
ncih2170_antibiotics_blank_ctrl_6,NCI-H2170,val,402,405,gt_mask_cc_conn8_min3
ncih2170_antibiotics_blank_ctrl_63,NCI-H2170,val,763,766,gt_mask_cc_conn8_min3
ncih2170_antibiotics_blank_ctrl_84,NCI-H2170,val,281,281,gt_mask_cc_conn8_min3
ncih2170_antibiotics_blank_ctrl_88_a,NCI-H2170,val,343,349,gt_mask_cc_conn8_min3
ncih2170_antibiotics_blank_ctrl_89,NCI-H2170,val,94,94,gt_mask_cc_conn8_min3
ncih2170_antibiotics_ps_104,NCI-H2170,val,158,158,gt_mask_cc_conn8_min3
ncih2170_antibiotics_ps_113_a,NCI-H2170,val,121,121,gt_mask_cc_conn8_min3
ncih2170_antibiotics_ps_12,NCI-H2170,val,129,129,gt_mask_cc_conn8_min3
ncih2170_antibiotics_ps_29_b,NCI-H2170,val,52,52,gt_mask_cc_conn8_min3
ncih2170_antibiotics_ps_3,NCI-H2170,val,157,157,gt_mask_cc_conn8_min3
ncih2170_antibiotics_ps_34_c,NCI-H2170,val,153,156,gt_mask_cc_conn8_min3
ncih2170_antibiotics_ps_55,NCI-H2170,val,212,213,gt_mask_cc_conn8_min3
ncih2170_antibiotics_ps_64,NCI-H2170,val,281,285,gt_mask_cc_conn8_min3
ncih2170_antibiotics_ps_68,NCI-H2170,val,210,210,gt_mask_cc_conn8_min3
ncih2170_antibiotics_ps_70,NCI-H2170,val,148,148,gt_mask_cc_conn8_min3
ncih2170_antibiotics_ps_72,NCI-H2170,val,139,139,gt_mask_cc_conn8_min3
ncih2170_antibiotics_ps_92,NCI-H2170,val,203,208,gt_mask_cc_conn8_min3
ncih2170_antibiotics_ps_g_104,NCI-H2170,val,92,92,gt_mask_cc_conn8_min3
ncih2170_antibiotics_ps_g_105,NCI-H2170,val,151,154,gt_mask_cc_conn8_min3
ncih2170_antibiotics_ps_g_113,NCI-H2170,val,79,79,gt_mask_cc_conn8_min3
ncih2170_antibiotics_ps_g_38,NCI-H2170,val,223,225,gt_mask_cc_conn8_min3
ncih2170_antibiotics_ps_g_39,NCI-H2170,val,58,58,gt_mask_cc_conn8_min3
ncih2170_antibiotics_ps_g_45,NCI-H2170,val,94,94,gt_mask_cc_conn8_min3
ncih2170_antibiotics_ps_g_51,NCI-H2170,val,86,86,gt_mask_cc_conn8_min3
ncih2170_antibiotics_ps_g_63,NCI-H2170,val,78,78,gt_mask_cc_conn8_min3
ncih2170_antibiotics_ps_g_86,NCI-H2170,val,85,85,gt_mask_cc_conn8_min3
ncih2170_antibiotics_ps_g_89,NCI-H2170,val,103,103,gt_mask_cc_conn8_min3
ncih2170_antibiotics_ps_g_99,NCI-H2170,val,867,871,gt_mask_cc_conn8_min3
ncih2170_cart_72h_blank_ctrl_5,NCI-H2170,val,94,94,gt_mask_cc_conn8_min3
ncih2170_cart_72h_blank_ctrl_53,NCI-H2170,val,56,56,gt_mask_cc_conn8_min3
ncih2170_cart_72h_blank_ctrl_67,NCI-H2170,val,103,103,gt_mask_cc_conn8_min3
ncih2170_cart_72h_blank_ctrl_88,NCI-H2170,val,35,35,gt_mask_cc_conn8_min3
ncih2170_cart_72h_blank_ctrl_95,NCI-H2170,val,17,17,gt_mask_cc_conn8_min3
ncih2170_cart_72h_cart_21,NCI-H2170,val,71,71,gt_mask_cc_conn8_min3
ncih2170_cart_72h_cart_38,NCI-H2170,val,46,46,gt_mask_cc_conn8_min3
ncih2170_cart_72h_cart_61,NCI-H2170,val,9,9,gt_mask_cc_conn8_min3
ncih2170_cart_72h_cart_77,NCI-H2170,val,75,75,gt_mask_cc_conn8_min3
ncih2170_cart_72h_cart_81,NCI-H2170,val,58,58,gt_mask_cc_conn8_min3
ncih2170_cart_72h_nt_ctrl_17,NCI-H2170,val,188,188,gt_mask_cc_conn8_min3
ncih2170_cart_72h_nt_ctrl_18,NCI-H2170,val,102,102,gt_mask_cc_conn8_min3
ncih2170_cart_72h_nt_ctrl_19,NCI-H2170,val,33,33,gt_mask_cc_conn8_min3
ncih2170_cart_72h_nt_ctrl_32,NCI-H2170,val,201,201,gt_mask_cc_conn8_min3
ncih2170_cart_72h_nt_ctrl_37,NCI-H2170,val,107,107,gt_mask_cc_conn8_min3
ncih2170_cart_72h_nt_ctrl_59,NCI-H2170,val,160,388,gt_mask_cc_conn8_min3
ncih2170_cart_72h_nt_ctrl_62,NCI-H2170,val,168,168,gt_mask_cc_conn8_min3
ncih2170_cart_72h_nt_ctrl_63,NCI-H2170,val,160,166,gt_mask_cc_conn8_min3
ncih2170_cart_72h_nt_ctrl_92,NCI-H2170,val,147,150,gt_mask_cc_conn8_min3
ncih2170_cart_72h_nt_ctrl_93,NCI-H2170,val,451,460,gt_mask_cc_conn8_min3
ncih2170_ctrl_1_45,NCI-H2170,val,141,144,gt_mask_cc_conn8_min3
ncih2170_ctrl_1_60,NCI-H2170,val,567,568,gt_mask_cc_conn8_min3
ncih2170_ctrl_1_70,NCI-H2170,val,115,115,gt_mask_cc_conn8_min3
ncih2170_ctrl_2_110,NCI-H2170,val,526,528,gt_mask_cc_conn8_min3
ncih2170_ctrl_2_123,NCI-H2170,val,430,434,gt_mask_cc_conn8_min3
ncih2170_ctrl_2_126,NCI-H2170,val,196,196,gt_mask_cc_conn8_min3
ncih2170_ctrl_2_133,NCI-H2170,val,557,563,gt_mask_cc_conn8_min3
ncih2170_ctrl_2_143,NCI-H2170,val,191,192,gt_mask_cc_conn8_min3
ncih2170_ctrl_2_27,NCI-H2170,val,520,539,gt_mask_cc_conn8_min3
ncih2170_ctrl_2_31,NCI-H2170,val,89,89,gt_mask_cc_conn8_min3
ncih2170_facs_fish_0223_high_her2_19,NCI-H2170,val,96,99,gt_mask_cc_conn8_min3
ncih2170_facs_fish_0223_high_her2_20,NCI-H2170,val,87,87,gt_mask_cc_conn8_min3
ncih2170_facs_fish_0223_low_her2_12,NCI-H2170,val,77,77,gt_mask_cc_conn8_min3
ncih2170_facs_fish_0423_low_her2_115,NCI-H2170,val,152,152,gt_mask_cc_conn8_min3
ncih2170_facs_fish_0423_low_her2_14,NCI-H2170,val,70,70,gt_mask_cc_conn8_min3
ncih2170_facs_fish_0423_low_her2_21,NCI-H2170,val,48,48,gt_mask_cc_conn8_min3
ncih2170_facs_fish_0423_low_her2_49,NCI-H2170,val,141,141,gt_mask_cc_conn8_min3
ncih2170_facs_fish_0423_low_her2_64,NCI-H2170,val,113,113,gt_mask_cc_conn8_min3
ncih2170_facs_fish_0423_low_her2_65,NCI-H2170,val,89,89,gt_mask_cc_conn8_min3
ncih2170_facs_fish_0423_low_her2_83,NCI-H2170,val,51,51,gt_mask_cc_conn8_min3
ncih2170_facs_fish_0723_high_her2_1,NCI-H2170,val,368,369,gt_mask_cc_conn8_min3
ncih2170_facs_fish_0723_high_her2_11,NCI-H2170,val,835,860,gt_mask_cc_conn8_min3
ncih2170_facs_fish_0723_high_her2_125,NCI-H2170,val,442,483,gt_mask_cc_conn8_min3
ncih2170_facs_fish_0723_high_her2_17,NCI-H2170,val,473,473,gt_mask_cc_conn8_min3
ncih2170_facs_fish_0723_high_her2_33,NCI-H2170,val,352,352,gt_mask_cc_conn8_min3
ncih2170_facs_fish_0723_high_her2_37,NCI-H2170,val,150,150,gt_mask_cc_conn8_min3
ncih2170_facs_fish_0723_high_her2_71,NCI-H2170,val,378,378,gt_mask_cc_conn8_min3
ncih2170_facs_fish_0723_low_her2_101,NCI-H2170,val,91,91,gt_mask_cc_conn8_min3
ncih2170_facs_fish_0723_low_her2_11,NCI-H2170,val,183,183,gt_mask_cc_conn8_min3
ncih2170_facs_fish_0723_low_her2_116,NCI-H2170,val,105,105,gt_mask_cc_conn8_min3
ncih2170_facs_fish_0723_low_her2_117,NCI-H2170,val,237,237,gt_mask_cc_conn8_min3
ncih2170_facs_fish_0723_low_her2_12,NCI-H2170,val,104,104,gt_mask_cc_conn8_min3
ncih2170_facs_fish_0723_low_her2_27,NCI-H2170,val,47,47,gt_mask_cc_conn8_min3
ncih2170_facs_fish_0723_low_her2_28,NCI-H2170,val,81,81,gt_mask_cc_conn8_min3
ncih2170_facs_fish_0723_low_her2_45,NCI-H2170,val,156,156,gt_mask_cc_conn8_min3
ncih2170_facs_fish_0723_low_her2_77,NCI-H2170,val,48,48,gt_mask_cc_conn8_min3
ncih2170_facs_fish_0723_low_her2_86,NCI-H2170,val,110,110,gt_mask_cc_conn8_min3
ncih2170_facs_fish_0723_low_her2_90,NCI-H2170,val,106,108,gt_mask_cc_conn8_min3
ncih2170_facs_fish_0723_pre_sort_ctrl_15,NCI-H2170,val,201,201,gt_mask_cc_conn8_min3
ncih2170_facs_fish_0723_pre_sort_ctrl_31,NCI-H2170,val,145,145,gt_mask_cc_conn8_min3
ncih2170_facs_fish_0723_pre_sort_ctrl_6,NCI-H2170,val,192,192,gt_mask_cc_conn8_min3
ncih2170_facs_fish_0723_pre_sort_ctrl_7,NCI-H2170,val,81,81,gt_mask_cc_conn8_min3
ncih2170_facs_fish_0723_sorted_ctrl_100,NCI-H2170,val,143,145,gt_mask_cc_conn8_min3
ncih2170_facs_fish_0723_sorted_ctrl_51,NCI-H2170,val,302,305,gt_mask_cc_conn8_min3
ncih2170_facs_fish_0723_sorted_ctrl_58,NCI-H2170,val,24,28,gt_mask_cc_conn8_min3
ncih2170_facs_fish_0723_sorted_ctrl_63,NCI-H2170,val,214,216,gt_mask_cc_conn8_min3
ncih2170_facs_fish_0723_sorted_ctrl_80,NCI-H2170,val,296,344,gt_mask_cc_conn8_min3
ncih2170_facs_fish_0723_sorted_ctrl_91,NCI-H2170,val,213,213,gt_mask_cc_conn8_min3
ncih2170_facs_fish_0723_sorted_ctrl_96,NCI-H2170,val,220,225,gt_mask_cc_conn8_min3
ncih2170_jc_jq1_ic50_24h_108,NCI-H2170,val,211,211,gt_mask_cc_conn8_min3
ncih2170_jc_jq1_ic50_24h_17,NCI-H2170,val,35,35,gt_mask_cc_conn8_min3
ncih2170_jc_jq1_ic50_24h_23,NCI-H2170,val,110,110,gt_mask_cc_conn8_min3
ncih2170_jc_jq1_ic50_24h_36,NCI-H2170,val,273,281,gt_mask_cc_conn8_min3
ncih2170_jc_jq1_ic50_24h_90,NCI-H2170,val,134,139,gt_mask_cc_conn8_min3
ncih2170_jc_lap_ic50_24h_13,NCI-H2170,val,192,198,gt_mask_cc_conn8_min3
ncih2170_jc_lap_ic50_24h_16,NCI-H2170,val,92,93,gt_mask_cc_conn8_min3
ncih2170_jc_lap_ic50_24h_2,NCI-H2170,val,110,116,gt_mask_cc_conn8_min3
ncih2170_jc_lap_ic50_24h_22,NCI-H2170,val,177,177,gt_mask_cc_conn8_min3
ncih2170_jc_lap_ic50_24h_3,NCI-H2170,val,108,108,gt_mask_cc_conn8_min3
ncih2170_jc_lap_ic50_24h_34,NCI-H2170,val,123,130,gt_mask_cc_conn8_min3
ncih2170_jc_lap_ic50_24h_37,NCI-H2170,val,147,149,gt_mask_cc_conn8_min3
ncih2170_jc_lap_ic50_24h_40,NCI-H2170,val,173,176,gt_mask_cc_conn8_min3
ncih2170_jc_lap_ic50_24h_64,NCI-H2170,val,195,199,gt_mask_cc_conn8_min3
ncih2170_jc_lap_ic50_24h_66,NCI-H2170,val,102,102,gt_mask_cc_conn8_min3
ncih2170_jc_lap_ic50_24h_67,NCI-H2170,val,303,313,gt_mask_cc_conn8_min3
ncih2170_jc_lap_ic50_24h_7,NCI-H2170,val,152,155,gt_mask_cc_conn8_min3
ncih2170_jc_lap_ic50_24h_71,NCI-H2170,val,236,236,gt_mask_cc_conn8_min3
ncih2170_jc_lap_ic50_24h_82,NCI-H2170,val,233,237,gt_mask_cc_conn8_min3
ncih2170_jc_lap_ic50_24h_91,NCI-H2170,val,123,124,gt_mask_cc_conn8_min3
ncih2170_jc_ner_ic50_24h_2,NCI-H2170,val,314,320,gt_mask_cc_conn8_min3
ncih2170_jc_ner_ic50_72h_32,NCI-H2170,val,158,158,gt_mask_cc_conn8_min3
ncih2170_jc_ner_ic50_72h_63,NCI-H2170,val,148,150,gt_mask_cc_conn8_min3
ncih2170_post_facs_fish_high_her2_g3_54,NCI-H2170,val,359,365,gt_mask_cc_conn8_min3
ncih2170_post_facs_fish_low_her2_g3_53,NCI-H2170,val,61,61,gt_mask_cc_conn8_min3
ncih2170_post_facs_fish_low_her2_g3_55,NCI-H2170,val,54,54,gt_mask_cc_conn8_min3
ncih2170_post_facs_fish_low_her2_g3_87,NCI-H2170,val,52,52,gt_mask_cc_conn8_min3
ncih716_jc_alo_8nm_24h_16,NCI-H716,val,152,152,gt_mask_cc_conn8_min3
ncih716_jc_ctrl_1_19,NCI-H716,val,207,209,gt_mask_cc_conn8_min3
ncih716_jc_ctrl_1_44_a,NCI-H716,val,132,133,gt_mask_cc_conn8_min3
ncih716_jc_ctrl_1_46,NCI-H716,val,144,144,gt_mask_cc_conn8_min3
ncih716_jc_ctrl_1_64,NCI-H716,val,148,148,gt_mask_cc_conn8_min3
ncih716_jc_ctrl_1_68,NCI-H716,val,202,202,gt_mask_cc_conn8_min3
ncih716_jc_ctrl_2_12,NCI-H716,val,166,166,gt_mask_cc_conn8_min3
ncih716_jc_ctrl_2_24,NCI-H716,val,166,167,gt_mask_cc_conn8_min3
ncih716_jc_ctrl_2_29,NCI-H716,val,214,214,gt_mask_cc_conn8_min3
ncih716_jc_ctrl_2_49,NCI-H716,val,169,169,gt_mask_cc_conn8_min3
snu16_jc_ctrl_119,SNU16,val,415,415,gt_mask_cc_conn8_min3
snu16_jc_ctrl_13,SNU16,val,380,382,gt_mask_cc_conn8_min3
snu16_jc_ctrl_135,SNU16,val,366,366,gt_mask_cc_conn8_min3
snu16_jc_ctrl_139,SNU16,val,254,257,gt_mask_cc_conn8_min3
snu16_jc_ctrl_60,SNU16,val,97,101,gt_mask_cc_conn8_min3
snu16_jc_ctrl_74,SNU16,val,222,222,gt_mask_cc_conn8_min3
snu16_jc_ctrl_8,SNU16,val,232,234,gt_mask_cc_conn8_min3
snu16_jc_ctrl_9,SNU16,val,161,180,gt_mask_cc_conn8_min3
snu16_jc_ctrl_92,SNU16,val,382,386,gt_mask_cc_conn8_min3
snu16_jc_jq1_ic50_24h_118,SNU16,val,221,223,gt_mask_cc_conn8_min3
snu16_jc_jq1_ic50_24h_16,SNU16,val,705,728,gt_mask_cc_conn8_min3
snu16_jc_jq1_ic50_24h_44,SNU16,val,426,426,gt_mask_cc_conn8_min3
snu16_jc_jq1_ic50_24h_54,SNU16,val,274,275,gt_mask_cc_conn8_min3
snu16_jc_jq1_ic50_24h_55,SNU16,val,189,189,gt_mask_cc_conn8_min3
snu16_jc_jq1_ic50_24h_66,SNU16,val,238,238,gt_mask_cc_conn8_min3
snu16_jc_jq1_ic50_24h_9,SNU16,val,239,240,gt_mask_cc_conn8_min3
snu16_jc_jq1_ic50_24h_96,SNU16,val,174,175,gt_mask_cc_conn8_min3
snu16_jc_jq1_ic50_24h_98,SNU16,val,237,241,gt_mask_cc_conn8_min3
colo320dm_qpcr_jq1_24h_ctrl_114,COLO320DM,test,107,107,gt_mask_cc_conn8_min3
colo320dm_qpcr_jq1_24h_ctrl_23,COLO320DM,test,57,57,gt_mask_cc_conn8_min3
colo320dm_qpcr_jq1_24h_ctrl_33,COLO320DM,test,24,24,gt_mask_cc_conn8_min3
colo320dm_qpcr_jq1_24h_ctrl_39,COLO320DM,test,41,41,gt_mask_cc_conn8_min3
colo320dm_qpcr_jq1_24h_ctrl_47,COLO320DM,test,22,22,gt_mask_cc_conn8_min3
colo320dm_qpcr_jq1_24h_ctrl_48,COLO320DM,test,32,32,gt_mask_cc_conn8_min3
colo320dm_qpcr_jq1_24h_ctrl_67,COLO320DM,test,91,91,gt_mask_cc_conn8_min3
colo320dm_qpcr_jq1_24h_ctrl_69,COLO320DM,test,54,54,gt_mask_cc_conn8_min3
colo320dm_qpcr_jq1_24h_ctrl_87_a,COLO320DM,test,31,31,gt_mask_cc_conn8_min3
colo320dm_qpcr_jq1_24h_ctrl_96,COLO320DM,test,49,49,gt_mask_cc_conn8_min3
colo320dm_qpcr_jq1_24h_dmso_111,COLO320DM,test,4,4,gt_mask_cc_conn8_min3
ncih2170_antibiotics_blank_ctrl_100,NCI-H2170,test,102,102,gt_mask_cc_conn8_min3
ncih2170_antibiotics_blank_ctrl_104,NCI-H2170,test,316,316,gt_mask_cc_conn8_min3
ncih2170_antibiotics_blank_ctrl_105,NCI-H2170,test,175,175,gt_mask_cc_conn8_min3
ncih2170_antibiotics_blank_ctrl_107,NCI-H2170,test,559,560,gt_mask_cc_conn8_min3
ncih2170_antibiotics_blank_ctrl_109,NCI-H2170,test,182,182,gt_mask_cc_conn8_min3
ncih2170_antibiotics_blank_ctrl_110,NCI-H2170,test,411,413,gt_mask_cc_conn8_min3
ncih2170_antibiotics_blank_ctrl_113,NCI-H2170,test,341,341,gt_mask_cc_conn8_min3
ncih2170_antibiotics_blank_ctrl_35,NCI-H2170,test,84,84,gt_mask_cc_conn8_min3
ncih2170_antibiotics_blank_ctrl_37,NCI-H2170,test,539,539,gt_mask_cc_conn8_min3
ncih2170_antibiotics_blank_ctrl_40,NCI-H2170,test,248,248,gt_mask_cc_conn8_min3
ncih2170_antibiotics_blank_ctrl_43,NCI-H2170,test,239,243,gt_mask_cc_conn8_min3
ncih2170_antibiotics_blank_ctrl_47,NCI-H2170,test,296,297,gt_mask_cc_conn8_min3
ncih2170_antibiotics_blank_ctrl_53,NCI-H2170,test,302,303,gt_mask_cc_conn8_min3
ncih2170_antibiotics_blank_ctrl_70,NCI-H2170,test,446,461,gt_mask_cc_conn8_min3
ncih2170_antibiotics_blank_ctrl_71,NCI-H2170,test,330,331,gt_mask_cc_conn8_min3
ncih2170_antibiotics_blank_ctrl_78,NCI-H2170,test,300,301,gt_mask_cc_conn8_min3
ncih2170_antibiotics_ps_102_b,NCI-H2170,test,252,252,gt_mask_cc_conn8_min3
ncih2170_antibiotics_ps_105,NCI-H2170,test,237,238,gt_mask_cc_conn8_min3
ncih2170_antibiotics_ps_107_a,NCI-H2170,test,246,248,gt_mask_cc_conn8_min3
ncih2170_antibiotics_ps_112,NCI-H2170,test,79,79,gt_mask_cc_conn8_min3
ncih2170_antibiotics_ps_25,NCI-H2170,test,284,284,gt_mask_cc_conn8_min3
ncih2170_antibiotics_ps_32,NCI-H2170,test,67,67,gt_mask_cc_conn8_min3
ncih2170_antibiotics_ps_36,NCI-H2170,test,142,143,gt_mask_cc_conn8_min3
ncih2170_antibiotics_ps_4,NCI-H2170,test,148,149,gt_mask_cc_conn8_min3
ncih2170_antibiotics_ps_56_a,NCI-H2170,test,233,233,gt_mask_cc_conn8_min3
ncih2170_antibiotics_ps_78,NCI-H2170,test,164,167,gt_mask_cc_conn8_min3
ncih2170_antibiotics_ps_84,NCI-H2170,test,124,124,gt_mask_cc_conn8_min3
ncih2170_antibiotics_ps_90,NCI-H2170,test,159,159,gt_mask_cc_conn8_min3
ncih2170_antibiotics_ps_99,NCI-H2170,test,83,83,gt_mask_cc_conn8_min3
ncih2170_antibiotics_ps_g_102,NCI-H2170,test,217,217,gt_mask_cc_conn8_min3
ncih2170_antibiotics_ps_g_107_a,NCI-H2170,test,103,103,gt_mask_cc_conn8_min3
ncih2170_antibiotics_ps_g_114,NCI-H2170,test,202,206,gt_mask_cc_conn8_min3
ncih2170_antibiotics_ps_g_115,NCI-H2170,test,296,296,gt_mask_cc_conn8_min3
ncih2170_antibiotics_ps_g_36,NCI-H2170,test,912,933,gt_mask_cc_conn8_min3
ncih2170_antibiotics_ps_g_42,NCI-H2170,test,245,246,gt_mask_cc_conn8_min3
ncih2170_antibiotics_ps_g_44_a,NCI-H2170,test,52,52,gt_mask_cc_conn8_min3
ncih2170_antibiotics_ps_g_54,NCI-H2170,test,182,182,gt_mask_cc_conn8_min3
ncih2170_antibiotics_ps_g_56,NCI-H2170,test,174,174,gt_mask_cc_conn8_min3
ncih2170_antibiotics_ps_g_64,NCI-H2170,test,340,352,gt_mask_cc_conn8_min3
ncih2170_antibiotics_ps_g_65,NCI-H2170,test,192,193,gt_mask_cc_conn8_min3
ncih2170_antibiotics_ps_g_67,NCI-H2170,test,90,90,gt_mask_cc_conn8_min3
ncih2170_antibiotics_ps_g_68,NCI-H2170,test,78,78,gt_mask_cc_conn8_min3
ncih2170_antibiotics_ps_g_69,NCI-H2170,test,46,46,gt_mask_cc_conn8_min3
ncih2170_antibiotics_ps_g_72,NCI-H2170,test,138,138,gt_mask_cc_conn8_min3
ncih2170_antibiotics_ps_g_76,NCI-H2170,test,90,90,gt_mask_cc_conn8_min3
ncih2170_antibiotics_ps_g_96,NCI-H2170,test,521,522,gt_mask_cc_conn8_min3
ncih2170_cart_72h_blank_ctrl_30,NCI-H2170,test,406,419,gt_mask_cc_conn8_min3
ncih2170_cart_72h_blank_ctrl_31,NCI-H2170,test,103,103,gt_mask_cc_conn8_min3
ncih2170_cart_72h_blank_ctrl_33,NCI-H2170,test,80,83,gt_mask_cc_conn8_min3
ncih2170_cart_72h_blank_ctrl_51,NCI-H2170,test,48,48,gt_mask_cc_conn8_min3
ncih2170_cart_72h_blank_ctrl_52,NCI-H2170,test,246,248,gt_mask_cc_conn8_min3
ncih2170_cart_72h_blank_ctrl_59,NCI-H2170,test,55,55,gt_mask_cc_conn8_min3
ncih2170_cart_72h_blank_ctrl_62,NCI-H2170,test,184,186,gt_mask_cc_conn8_min3
ncih2170_cart_72h_blank_ctrl_99,NCI-H2170,test,51,51,gt_mask_cc_conn8_min3
ncih2170_cart_72h_cart_36,NCI-H2170,test,71,71,gt_mask_cc_conn8_min3
ncih2170_cart_72h_cart_55,NCI-H2170,test,61,61,gt_mask_cc_conn8_min3
ncih2170_cart_72h_cart_62,NCI-H2170,test,93,94,gt_mask_cc_conn8_min3
ncih2170_cart_72h_cart_63,NCI-H2170,test,85,85,gt_mask_cc_conn8_min3
ncih2170_cart_72h_cart_69,NCI-H2170,test,52,52,gt_mask_cc_conn8_min3
ncih2170_cart_72h_nt_ctrl_20,NCI-H2170,test,126,126,gt_mask_cc_conn8_min3
ncih2170_cart_72h_nt_ctrl_46,NCI-H2170,test,242,242,gt_mask_cc_conn8_min3
ncih2170_cart_72h_nt_ctrl_49,NCI-H2170,test,65,65,gt_mask_cc_conn8_min3
ncih2170_cart_72h_nt_ctrl_57,NCI-H2170,test,119,119,gt_mask_cc_conn8_min3
ncih2170_cart_72h_nt_ctrl_61,NCI-H2170,test,223,235,gt_mask_cc_conn8_min3
ncih2170_cart_72h_nt_ctrl_69,NCI-H2170,test,110,116,gt_mask_cc_conn8_min3
ncih2170_cart_72h_nt_ctrl_71,NCI-H2170,test,126,126,gt_mask_cc_conn8_min3
ncih2170_cart_72h_nt_ctrl_80,NCI-H2170,test,400,443,gt_mask_cc_conn8_min3
ncih2170_cart_72h_nt_ctrl_83,NCI-H2170,test,169,185,gt_mask_cc_conn8_min3
ncih2170_ctrl_1_30,NCI-H2170,test,229,230,gt_mask_cc_conn8_min3
ncih2170_ctrl_1_54,NCI-H2170,test,235,241,gt_mask_cc_conn8_min3
ncih2170_ctrl_1_58,NCI-H2170,test,179,179,gt_mask_cc_conn8_min3
ncih2170_ctrl_1_61,NCI-H2170,test,251,259,gt_mask_cc_conn8_min3
ncih2170_ctrl_1_62,NCI-H2170,test,478,481,gt_mask_cc_conn8_min3
ncih2170_ctrl_1_88,NCI-H2170,test,341,350,gt_mask_cc_conn8_min3
ncih2170_ctrl_1_90,NCI-H2170,test,87,87,gt_mask_cc_conn8_min3
ncih2170_ctrl_1_94,NCI-H2170,test,299,300,gt_mask_cc_conn8_min3
ncih2170_ctrl_2_105,NCI-H2170,test,184,186,gt_mask_cc_conn8_min3
ncih2170_ctrl_2_132,NCI-H2170,test,274,275,gt_mask_cc_conn8_min3
ncih2170_ctrl_2_139,NCI-H2170,test,246,246,gt_mask_cc_conn8_min3
ncih2170_ctrl_2_24,NCI-H2170,test,642,643,gt_mask_cc_conn8_min3
ncih2170_ctrl_2_96,NCI-H2170,test,96,99,gt_mask_cc_conn8_min3
ncih2170_facs_fish_0223_high_her2_13,NCI-H2170,test,375,377,gt_mask_cc_conn8_min3
ncih2170_facs_fish_0223_high_her2_7,NCI-H2170,test,62,62,gt_mask_cc_conn8_min3
ncih2170_facs_fish_0223_low_her2_19,NCI-H2170,test,40,40,gt_mask_cc_conn8_min3
ncih2170_facs_fish_0223_low_her2_2,NCI-H2170,test,189,190,gt_mask_cc_conn8_min3
ncih2170_facs_fish_0223_low_her2_6,NCI-H2170,test,15,15,gt_mask_cc_conn8_min3
ncih2170_facs_fish_0423_high_her2_27,NCI-H2170,test,396,396,gt_mask_cc_conn8_min3
ncih2170_facs_fish_0423_low_her2_10,NCI-H2170,test,191,192,gt_mask_cc_conn8_min3
ncih2170_facs_fish_0423_low_her2_11,NCI-H2170,test,44,46,gt_mask_cc_conn8_min3
ncih2170_facs_fish_0423_low_her2_28,NCI-H2170,test,174,175,gt_mask_cc_conn8_min3
ncih2170_facs_fish_0423_low_her2_43,NCI-H2170,test,139,139,gt_mask_cc_conn8_min3
ncih2170_facs_fish_0423_low_her2_56,NCI-H2170,test,101,101,gt_mask_cc_conn8_min3
ncih2170_facs_fish_0423_low_her2_8,NCI-H2170,test,87,87,gt_mask_cc_conn8_min3
ncih2170_facs_fish_0423_low_her2_87,NCI-H2170,test,67,67,gt_mask_cc_conn8_min3
ncih2170_facs_fish_0423_low_her2_91,NCI-H2170,test,79,79,gt_mask_cc_conn8_min3
ncih2170_facs_fish_0423_low_her2_94,NCI-H2170,test,132,132,gt_mask_cc_conn8_min3
ncih2170_facs_fish_0723_high_her2_108,NCI-H2170,test,186,207,gt_mask_cc_conn8_min3
ncih2170_facs_fish_0723_high_her2_110,NCI-H2170,test,358,358,gt_mask_cc_conn8_min3
ncih2170_facs_fish_0723_high_her2_111,NCI-H2170,test,278,294,gt_mask_cc_conn8_min3
ncih2170_facs_fish_0723_high_her2_21,NCI-H2170,test,180,180,gt_mask_cc_conn8_min3
ncih2170_facs_fish_0723_high_her2_80,NCI-H2170,test,403,412,gt_mask_cc_conn8_min3
ncih2170_facs_fish_0723_low_her2_1,NCI-H2170,test,36,36,gt_mask_cc_conn8_min3
ncih2170_facs_fish_0723_low_her2_115,NCI-H2170,test,63,63,gt_mask_cc_conn8_min3
ncih2170_facs_fish_0723_low_her2_22,NCI-H2170,test,308,308,gt_mask_cc_conn8_min3
ncih2170_facs_fish_0723_low_her2_23,NCI-H2170,test,85,85,gt_mask_cc_conn8_min3
ncih2170_facs_fish_0723_low_her2_52,NCI-H2170,test,116,116,gt_mask_cc_conn8_min3
ncih2170_facs_fish_0723_low_her2_60,NCI-H2170,test,93,93,gt_mask_cc_conn8_min3
ncih2170_facs_fish_0723_pre_sort_ctrl_29,NCI-H2170,test,225,235,gt_mask_cc_conn8_min3
ncih2170_facs_fish_0723_sorted_ctrl_45,NCI-H2170,test,472,472,gt_mask_cc_conn8_min3
ncih2170_facs_fish_0723_sorted_ctrl_46,NCI-H2170,test,178,178,gt_mask_cc_conn8_min3
ncih2170_facs_fish_0723_sorted_ctrl_49,NCI-H2170,test,365,366,gt_mask_cc_conn8_min3
ncih2170_facs_fish_0723_sorted_ctrl_60,NCI-H2170,test,187,197,gt_mask_cc_conn8_min3
ncih2170_jc_jq1_ic50_24h_100,NCI-H2170,test,38,38,gt_mask_cc_conn8_min3
ncih2170_jc_jq1_ic50_24h_38,NCI-H2170,test,59,59,gt_mask_cc_conn8_min3
ncih2170_jc_jq1_ic50_24h_48,NCI-H2170,test,223,231,gt_mask_cc_conn8_min3
ncih2170_jc_jq1_ic50_24h_50,NCI-H2170,test,72,75,gt_mask_cc_conn8_min3
ncih2170_jc_jq1_ic50_24h_7,NCI-H2170,test,328,331,gt_mask_cc_conn8_min3
ncih2170_jc_jq1_ic50_24h_84,NCI-H2170,test,64,65,gt_mask_cc_conn8_min3
ncih2170_jc_jq1_ic50_24h_86,NCI-H2170,test,193,196,gt_mask_cc_conn8_min3
ncih2170_jc_jq1_ic50_24h_98,NCI-H2170,test,97,103,gt_mask_cc_conn8_min3
ncih2170_jc_lap_ic50_24h_11,NCI-H2170,test,89,91,gt_mask_cc_conn8_min3
ncih2170_jc_lap_ic50_24h_12,NCI-H2170,test,445,456,gt_mask_cc_conn8_min3
ncih2170_jc_lap_ic50_24h_15,NCI-H2170,test,84,88,gt_mask_cc_conn8_min3
ncih2170_jc_lap_ic50_24h_18,NCI-H2170,test,107,109,gt_mask_cc_conn8_min3
ncih2170_jc_lap_ic50_24h_35,NCI-H2170,test,135,138,gt_mask_cc_conn8_min3
ncih2170_jc_lap_ic50_24h_46,NCI-H2170,test,151,151,gt_mask_cc_conn8_min3
ncih2170_jc_lap_ic50_24h_47,NCI-H2170,test,175,179,gt_mask_cc_conn8_min3
ncih2170_jc_lap_ic50_24h_55,NCI-H2170,test,55,55,gt_mask_cc_conn8_min3
ncih2170_jc_lap_ic50_24h_65,NCI-H2170,test,318,322,gt_mask_cc_conn8_min3
ncih2170_jc_ner_ic50_24h_1,NCI-H2170,test,61,63,gt_mask_cc_conn8_min3
ncih2170_jc_ner_ic50_24h_50,NCI-H2170,test,105,105,gt_mask_cc_conn8_min3
ncih2170_jc_ner_ic50_24h_54,NCI-H2170,test,86,86,gt_mask_cc_conn8_min3
ncih2170_post_facs_fish_high_her2_g3_28,NCI-H2170,test,89,89,gt_mask_cc_conn8_min3
ncih2170_post_facs_fish_low_her2_g3_1,NCI-H2170,test,170,170,gt_mask_cc_conn8_min3
ncih716_jc_alo_8nm_24h_11,NCI-H716,test,210,210,gt_mask_cc_conn8_min3
ncih716_jc_alo_8nm_24h_13,NCI-H716,test,163,163,gt_mask_cc_conn8_min3
ncih716_jc_ctrl_1_23,NCI-H716,test,185,185,gt_mask_cc_conn8_min3
ncih716_jc_ctrl_1_45,NCI-H716,test,101,101,gt_mask_cc_conn8_min3
ncih716_jc_ctrl_1_66,NCI-H716,test,236,236,gt_mask_cc_conn8_min3
ncih716_jc_ctrl_1_72,NCI-H716,test,150,151,gt_mask_cc_conn8_min3
ncih716_jc_ctrl_2_11,NCI-H716,test,139,139,gt_mask_cc_conn8_min3
ncih716_jc_ctrl_2_25,NCI-H716,test,171,176,gt_mask_cc_conn8_min3
ncih716_jc_ctrl_2_30,NCI-H716,test,71,71,gt_mask_cc_conn8_min3
ncih716_jc_ctrl_2_58,NCI-H716,test,166,166,gt_mask_cc_conn8_min3
ncih716_jc_ctrl_2_8,NCI-H716,test,110,110,gt_mask_cc_conn8_min3
snu16_jc_ctrl_114,SNU16,test,670,672,gt_mask_cc_conn8_min3
snu16_jc_ctrl_124,SNU16,test,191,193,gt_mask_cc_conn8_min3
snu16_jc_ctrl_35,SNU16,test,324,330,gt_mask_cc_conn8_min3
snu16_jc_ctrl_40,SNU16,test,270,271,gt_mask_cc_conn8_min3
snu16_jc_ctrl_45,SNU16,test,125,126,gt_mask_cc_conn8_min3
snu16_jc_ctrl_46,SNU16,test,309,319,gt_mask_cc_conn8_min3
snu16_jc_ctrl_50,SNU16,test,158,164,gt_mask_cc_conn8_min3
snu16_jc_ctrl_69,SNU16,test,325,325,gt_mask_cc_conn8_min3
snu16_jc_ctrl_70,SNU16,test,238,238,gt_mask_cc_conn8_min3
snu16_jc_ctrl_72,SNU16,test,166,166,gt_mask_cc_conn8_min3
snu16_jc_ctrl_83,SNU16,test,140,140,gt_mask_cc_conn8_min3
snu16_jc_ctrl_91,SNU16,test,422,425,gt_mask_cc_conn8_min3
snu16_jc_jq1_ic50_24h_102,SNU16,test,177,177,gt_mask_cc_conn8_min3
snu16_jc_jq1_ic50_24h_120,SNU16,test,193,193,gt_mask_cc_conn8_min3
snu16_jc_jq1_ic50_24h_19,SNU16,test,271,278,gt_mask_cc_conn8_min3
snu16_jc_jq1_ic50_24h_40,SNU16,test,183,183,gt_mask_cc_conn8_min3
snu16_jc_jq1_ic50_24h_51,SNU16,test,499,503,gt_mask_cc_conn8_min3
snu16_jc_jq1_ic50_24h_56,SNU16,test,150,150,gt_mask_cc_conn8_min3
snu16_jc_jq1_ic50_24h_67,SNU16,test,213,213,gt_mask_cc_conn8_min3
