model,cell_line,n_images,obj_tp,obj_fp,obj_fn,obj_ignored,pred_count,gt_count,obj_precision,obj_recall,obj_f1,pix_tp,pix_fp,pix_fn,pix_tn,pix_precision,pix_recall,pix_f1,pix_iou,pix_dice,count_mae,count_trimmed_mae,count_mdape,count_rmse,count_bias,count_pearson_r,count_spearman_rho
ecCount (peaks),COLO320DM,64,2680,234,263,115,3029,2943,0.9196980096087852,0.9106354060482501,0.9151442718115076,9424,29953,28847,320796032,0.23932752622089037,0.2462438922421677,0.24273645167937358,0.13813320825515948,0.24273645167937358,5.28125,3.3333333333333335,5.612727081801953,10.5,1.34375,0.9407560939230908,0.89941933051379
ecCount (peaks),NCI-H2170,888,164056,6804,12827,6332,177192,176883,0.9601779234460962,0.9274831385718243,0.9435473898827582,715719,1587777,1588323,4448099733,0.3107098948728368,0.3106362644430961,0.31067307529530963,0.1839034651919835,0.3106730752953096,12.823198198198199,9.840047393364928,4.8792364627970395,21.712831968033836,0.34797297297297297,0.9906283694179022,0.9834053888919161
ecCount (peaks),NCI-H716,70,12709,658,631,663,14030,13340,0.9507742949053639,0.9526986506746626,0.951735500056165,60707,121683,112856,350650034,0.33284171281320246,0.3497692480540207,0.34109559408124107,0.2056149786957317,0.34109559408124107,13.657142857142857,12.96875,6.51135805774981,17.208801734660586,9.857142857142858,0.9857509058145592,0.9649779927268843
ecCount (peaks),SNU16,123,31715,1434,3158,1046,34195,34873,0.9567407764940119,0.9094428354314226,0.9324924289200552,166112,278423,287991,615928466,0.37367586354280313,0.3658024721263678,0.36969725295391465,0.22676601240092503,0.3696972529539147,18.959349593495936,16.79090909090909,5.8201058201058204,25.72714867337204,-5.512195121951219,0.9893572737113451,0.9798507306279373
ecCount (threshold mask),COLO320DM,64,2635,233,308,87,2955,2943,0.9187587168758717,0.8953448861705743,0.9069007055584237,22380,114688,15891,320711297,0.1632766218227449,0.5847769851846045,0.2552769207078859,0.1463137180551651,0.2552769207078859,5.5,3.5833333333333335,8.303968132373218,10.706306552681928,0.1875,0.9382361094904503,0.8967049580833896
ecCount (threshold mask),NCI-H2170,888,155317,6610,21566,3961,165888,176883,0.9591791362774583,0.8780775993170626,0.9168383459756205,1645619,6918241,658423,4442769269,0.19215855934123163,0.7142313377967936,0.3028402354014602,0.17843943847743557,0.3028402354014602,18.561936936936938,14.983910891089108,7.291666666666667,30.785274208752927,-12.381756756756756,0.9863633947014608,0.980910712366335
ecCount (threshold mask),NCI-H716,70,12385,650,955,431,13466,13340,0.9501342539317222,0.9284107946026986,0.9391469194312796,130137,484915,43426,350286802,0.211586987766888,0.7497969037179584,0.3300393728245088,0.19763302646405803,0.3300393728245088,10.628571428571428,9.015625,4.923605034663796,14.679431674479577,1.8,0.9825636747278974,0.9663370670013279
ecCount (threshold mask),SNU16,123,30481,1430,4392,719,32630,34873,0.9551878662530162,0.8740572936082356,0.9128234307618591,340130,1130802,113973,615076087,0.23123434665912496,0.7490150912898615,0.35337539317466954,0.21460592275246781,0.35337539317466954,25.357723577235774,19.94736842105263,7.749077490774908,38.11290458538891,-18.235772357723576,0.9858789835133827,0.9780027539695331
MIA,COLO320DM,64,2080,406,863,73,2559,2943,0.8366854384553499,0.7067618076792389,0.7662552956345552,12901,102951,25370,320723034,0.11135759417187446,0.3370959734524836,0.16741174256924665,0.09135262211270198,0.16741174256924665,11.03125,9.862068965517242,22.97347089167281,14.379890472461883,-6.0,0.9051980488417781,0.8415694192612537
MIA,NCI-H2170,888,139526,11148,37357,4339,155013,176883,0.926012450721425,0.7888038986222531,0.8519189026642692,1031078,6100504,1272964,4443587006,0.14457914106575512,0.44750833535152573,0.21855003972180326,0.12268098717051462,0.21855003972180323,32.346846846846844,26.633495145631066,13.060200668896321,49.927627802830955,-24.62837837837838,0.960854400989088,0.9246463996208667
MIA,NCI-H716,70,7933,654,5407,231,8818,13340,0.9238383603120996,0.5946776611694153,0.7235827974643134,54482,369580,119081,350402137,0.12847649636138112,0.3139033088849582,0.18232838318343442,0.10030875846692308,0.18232838318343442,64.91428571428571,63.08064516129032,34.159268171257885,75.38150587890526,-64.6,0.8685727017259346,0.7689776774679904
MIA,SNU16,123,12335,2407,22538,397,15139,34873,0.8367250033916701,0.35371204083388297,0.49722866068729216,55623,493496,398480,615713393,0.10129498341889463,0.12248983160208146,0.11088871655525896,0.05869888001148165,0.11088871655525896,160.8617886178862,147.72727272727272,54.14364640883978,212.16564321916408,-160.4390243902439,0.6261680306785906,0.6229087395083149
Label Engine,COLO320DM,64,1881,609,1062,78,2568,2943,0.755421686746988,0.6391437308868502,0.6924351187189398,8421,62685,29850,320763300,0.1184288245717661,0.2200360586344752,0.1539811843440577,0.0834125757755854,0.15398118434405772,12.640625,11.457627118644067,23.368794326241137,15.251536807810549,-5.859375,0.8892254291946176,0.8141399333966556
Label Engine,NCI-H2170,888,146627,10631,30256,4048,161306,176883,0.9323977158554732,0.8289490793349276,0.8776354892096451,1045186,4460392,1258856,4445227118,0.18984128460263391,0.45363148762045136,0.2676662885005928,0.15451196655921248,0.2676662885005929,23.89752252252252,19.820048309178745,10.01392757660167,35.90504556879572,-17.541666666666668,0.9797318756543327,0.9571446294819204
Label Engine,NCI-H716,70,7769,766,5571,134,8669,13340,0.9102519039250146,0.582383808095952,0.7103085714285714,41483,244073,132080,350527644,0.14527098012298814,0.23900831398397124,0.18070696268287742,0.09932812305452596,0.18070696268287742,67.07142857142857,64.0952380952381,35.75471414845064,77.09391304487941,-66.72857142857143,0.8750771244591433,0.7893626889352513
Label Engine,SNU16,123,16088,5633,18785,841,22562,34873,0.7406657152064822,0.46133111576291114,0.5685408347174612,67300,494509,386803,615712380,0.11979160177213252,0.1482042620286587,0.13249179062753466,0.07094576075360633,0.13249179062753466,118.10569105691057,100.74545454545455,38.01652892561984,175.03692990128766,-100.08943089430895,0.5824325111237222,0.646255300744947
Classic (after opt),COLO320DM,64,2402,479,541,372,3253,2943,0.8337382853175981,0.8161739721372749,0.8248626373626373,21074,245553,17197,320580432,0.07903925708949207,0.5506519296595334,0.13823639381038905,0.07425023958509498,0.13823639381038905,9.34375,7.689655172413793,16.084895496660202,13.356880249519346,4.84375,0.9142087309125475,0.8766033002828854
Classic (after opt),NCI-H2170,888,120619,24106,56264,3679,148404,176883,0.8334358265676283,0.6819140335702131,0.7500995000124375,1532517,23007785,771525,4426679725,0.06244898697660689,0.6651428229172905,0.11417801828198895,0.06054549124407337,0.11417801828198894,48.965090090090094,41.97125,21.889880952380953,73.56807994903352,-32.070945945945944,0.9195670783480816,0.8965813198076598
Classic (after opt),NCI-H716,70,11425,589,1915,1941,13955,13340,0.9509738638255368,0.8564467766116941,0.9012384633588388,98826,607072,74737,350164645,0.1400003966578741,0.569395550895064,0.22474220005207735,0.1265969371088921,0.22474220005207735,19.67142857142857,17.306451612903224,7.226668475311991,28.16050932980946,8.785714285714286,0.9478522617996001,0.9254530658317
Classic (after opt),SNU16,123,28094,2546,6779,3981,34621,34873,0.9169060052219321,0.8056089238092508,0.857661838108467,201262,722635,252841,615484254,0.21784030037980423,0.44320781849051866,0.2921074020319303,0.17103382401180212,0.2921074020319303,48.63414634146341,39.25688073394495,10.596026490066226,78.08271619958985,-2.048780487804878,0.8924702155753435,0.8763589870106502
ecSeg,COLO320DM,64,402,240,2541,18,660,2943,0.6261682242990654,0.1365953109072375,0.22426778242677825,2193,27008,36078,320798977,0.07510016780247251,0.05730187348122599,0.06500474270808632,0.03359426461802417,0.06500474270808632,37.328125,35.482142857142854,89.8989898989899,45.524203727248214,-35.671875,0.3946625449472969,0.23484877386690806
ecSeg,NCI-H2170,888,68476,13579,108407,2065,84120,176883,0.8345134361099262,0.38712595331377236,0.5288988097536862,514446,3564935,1789596,4446122575,0.12610883857134209,0.22327978396227152,0.16118186120518727,0.08765513989916812,0.16118186120518724,108.23085585585585,94.9041095890411,64.73100176015917,153.46242240395557,-104.46283783783784,0.6952215636039404,0.594646446849392
ecSeg,NCI-H716,70,2707,1086,10633,122,3915,13340,0.713683100448194,0.20292353823088455,0.31599836572695966,15494,161169,158069,350610548,0.08770370705807101,0.0892701785518803,0.088480010050653,0.046287776489848595,0.08848001005065301,134.7,132.74193548387098,74.2244276002188,148.9504711544843,-134.64285714285714,0.5828506419373772,0.4025450092885187
ecSeg,SNU16,123,2161,1392,32712,145,3698,34873,0.6082184069800168,0.061967711409973335,0.1124759277572477,8213,137957,445890,616068932,0.05618800027365396,0.018086205112056074,0.027364215948410143,0.013871904874505962,0.02736421594841014,253.45528455284554,233.70642201834863,91.3657770800628,305.66128498423114,-253.45528455284554,0.13707681764974153,0.19292870476033916
